angle,intensity
5.0,10.0
5.01,23.0
5.02,23.0
5.03,9.0
5.04,22.0
5.05,17.0
5.06,11.0
5.07,20.0
5.08,17.0
5.09,9.0
5.1,15.0
5.11,17.0
5.12,25.0
5.13,16.0
5.14,14.0
5.15,19.0
5.16,15.0
5.17,19.0
5.18,20.0
5.19,15.0
5.2,16.0
5.21,17.0
5.22,16.0
5.23,24.0
5.24,16.0
5.25,21.0
5.26,13.0
5.27,15.0
5.28,15.0
5.29,24.0
5.3,15.0
5.31,23.0
5.32,12.0
5.33,15.0
5.34,10.0
5.35,20.0
5.36,24.0
5.37,14.0
5.38,15.0
5.39,27.0
5.4,8.0
5.41,21.0
5.42,15.0
5.43,14.0
5.44,11.0
5.45,9.0
5.46,14.0
5.47,11.0
5.48,20.0
5.49,18.0
5.5,13.0
5.51,15.0
5.52,14.0
5.53,20.0
5.54,13.0
5.55,15.0
5.56,8.0
5.57,15.0
5.58,14.0
5.59,17.0
5.6,13.0
5.61,19.0
5.62,13.0
5.63,19.0
5.64,6.0
5.65,17.0
5.66,7.0
5.67,16.0
5.68,12.0
5.69,16.0
5.7,8.0
5.71,15.0
5.72,13.0
5.73,11.0
5.74,11.0
5.75,12.0
5.76,9.0
5.77,13.0
5.78,17.0
5.79,16.0
5.8,9.0
5.81,15.0
5.82,20.0
5.83,15.0
5.84,17.0
5.85,7.0
5.86,11.0
5.87,13.0
5.88,13.0
5.89,18.0
5.9,16.0
5.91,15.0
5.92,11.0
5.93,13.0
5.94,14.0
5.95,9.0
5.96,13.0
5.97,10.0
5.98,11.0
5.99,17.0
6.0,19.0
6.01,10.0
6.02,13.0
6.03,15.0
6.04,9.0
6.05,8.0
6.06,14.0
6.07,21.0
6.08,14.0
6.09,15.0
6.1,10.0
6.11,9.0
6.12,11.0
6.13,13.0
6.14,15.0
6.15,9.0
6.16,19.0
6.17,20.0
6.18,12.0
6.19,9.0
6.2,16.0
6.21,17.0
6.22,17.0
6.23,16.0
6.24,22.0
6.25,15.0
6.26,11.0
6.27,12.0
6.28,17.0
6.29,13.0
6.3,13.0
6.31,16.0
6.32,13.0
6.33,25.0
6.34,15.0
6.35,17.0
6.36,23.0
6.37,19.0
6.38,18.0
6.39,21.0
6.4,16.0
6.41,13.0
6.42,18.0
6.43,19.0
6.44,13.0
6.45,20.0
6.46,24.0
6.47,10.0
6.48,20.0
6.49,18.0
6.5,16.0
6.51,16.0
6.52,17.0
6.53,18.0
6.54,15.0
6.55,15.0
6.56,17.0
6.57,14.0
6.58,14.0
6.59,14.0
6.6,13.0
6.61,20.0
6.62,19.0
6.63,20.0
6.64,14.0
6.65,12.0
6.66,12.0
6.67,14.0
6.68,19.0
6.69,16.0
6.7,15.0
6.71,11.0
6.72,19.0
6.73,18.0
6.74,16.0
6.75,21.0
6.76,18.0
6.77,16.0
6.78,20.0
6.79,17.0
6.8,16.0
6.81,23.0
6.82,19.0
6.83,17.0
6.84,14.0
6.85,20.0
6.86,25.0
6.87,19.0
6.88,21.0
6.89,13.0
6.9,22.0
6.91,17.0
6.92,21.0
6.93,21.0
6.94,7.0
6.95,19.0
6.96,16.0
6.97,21.0
6.98,10.0
6.99,15.0
7.0,11.0
7.01,16.0
7.02,13.0
7.03,14.0
7.04,14.0
7.05,8.0
7.06,24.0
7.07,15.0
7.08,23.0
7.09,12.0
7.1,21.0
7.11,13.0
7.12,10.0
7.13,10.0
7.14,16.0
7.15,15.0
7.16,9.0
7.17,21.0
7.18,13.0
7.19,12.0
7.2,16.0
7.21,16.0
7.22,13.0
7.23,14.0
7.24,18.0
7.25,16.0
7.26,10.0
7.27,16.0
7.28,12.0
7.29,14.0
7.3,9.0
7.31,12.0
7.32,13.0
7.33,12.0
7.34,16.0
7.35,13.0
7.36,16.0
7.37,14.0
7.38,10.0
7.39,20.0
7.4,11.0
7.41,13.0
7.42,8.0
7.43,18.0
7.44,10.0
7.45,8.0
7.46,15.0
7.47,12.0
7.48,18.0
7.49,13.0
7.5,15.0
7.51,10.0
7.52,10.0
7.53,15.0
7.54,13.0
7.55,10.0
7.56,8.0
7.57,18.0
7.58,15.0
7.59,13.0
7.6,10.0
7.61,15.0
7.62,12.0
7.63,10.0
7.64,12.0
7.65,14.0
7.66,17.0
7.67,13.0
7.68,18.0
7.69,10.0
7.7,4.0
7.71,15.0
7.72,21.0
7.73,8.0
7.74,16.0
7.75,20.0
7.76,12.0
7.77,15.0
7.78,13.0
7.79,11.0
7.8,16.0
7.81,21.0
7.82,18.0
7.83,13.0
7.84,10.0
7.85,12.0
7.86,21.0
7.87,14.0
7.88,14.0
7.89,14.0
7.9,11.0
7.91,14.0
7.92,11.0
7.93,19.0
7.94,16.0
7.95,5.0
7.96,14.0
7.97,18.0
7.98,9.0
7.99,7.0
8.0,8.0
8.01,11.0
8.02,10.0
8.03,13.0
8.04,5.0
8.05,12.0
8.06,13.0
8.07,9.0
8.08,7.0
8.09,12.0
8.1,12.0
8.11,11.0
8.12,9.0
8.13,17.0
8.14,15.0
8.15,16.0
8.16,9.0
8.17,16.0
8.18,11.0
8.19,17.0
8.2,11.0
8.21,13.0
8.22,20.0
8.23,16.0
8.24,15.0
8.25,19.0
8.26,10.0
8.27,14.0
8.28,17.0
8.29,11.0
8.3,17.0
8.31,17.0
8.32,7.0
8.33,11.0
8.34,8.0
8.35,14.0
8.36,10.0
8.37,13.0
8.38,12.0
8.39,16.0
8.4,9.0
8.41,10.0
8.42,12.0
8.43,13.0
8.44,13.0
8.45,10.0
8.46,17.0
8.47,12.0
8.48,13.0
8.49,16.0
8.5,16.0
8.51,11.0
8.52,16.0
8.53,13.0
8.54,12.0
8.55,9.0
8.56,16.0
8.57,10.0
8.58,12.0
8.59,8.0
8.6,12.0
8.61,7.0
8.62,18.0
8.63,8.0
8.64,19.0
8.65,7.0
8.66,11.0
8.67,9.0
8.68,17.0
8.69,23.0
8.7,18.0
8.71,10.0
8.72,17.0
8.73,19.0
8.74,16.0
8.75,16.0
8.76,15.0
8.77,9.0
8.78,15.0
8.79,22.0
8.8,12.0
8.81,20.0
8.82,12.0
8.83,14.0
8.84,18.0
8.85,13.0
8.86,15.0
8.87,14.0
8.88,9.0
8.89,7.0
8.9,17.0
8.91,19.0
8.92,10.0
8.93,7.0
8.94,17.0
8.95,10.0
8.96,13.0
8.97,15.0
8.98,8.0
8.99,10.0
9.0,8.0
9.01,13.0
9.02,8.0
9.03,10.0
9.04,19.0
9.05,10.0
9.06,12.0
9.07,15.0
9.08,17.0
9.09,14.0
9.1,11.0
9.11,13.0
9.12,13.0
9.13,9.0
9.14,11.0
9.15,15.0
9.16,16.0
9.17,14.0
9.18,11.0
9.19,8.0
9.2,18.0
9.21,17.0
9.22,15.0
9.23,11.0
9.24,12.0
9.25,19.0
9.26,7.0
9.27,1.0
9.28,10.0
9.29,19.0
9.3,10.0
9.31,14.0
9.32,16.0
9.33,14.0
9.34,11.0
9.35,14.0
9.36,15.0
9.37,15.0
9.38,21.0
9.39,13.0
9.4,14.0
9.41,15.0
9.42,17.0
9.43,10.0
9.44,8.0
9.45,15.0
9.46,10.0
9.47,6.0
9.48,13.0
9.49,17.0
9.5,18.0
9.51,17.0
9.52,10.0
9.53,14.0
9.54,13.0
9.55,12.0
9.56,15.0
9.57,16.0
9.58,11.0
9.59,12.0
9.6,13.0
9.61,16.0
9.62,18.0
9.63,8.0
9.64,10.0
9.65,6.0
9.66,15.0
9.67,11.0
9.68,16.0
9.69,13.0
9.7,16.0
9.71,15.0
9.72,7.0
9.73,13.0
9.74,14.0
9.75,5.0
9.76,10.0
9.77,13.0
9.78,13.0
9.79,13.0
9.8,12.0
9.81,8.0
9.82,10.0
9.83,17.0
9.84,12.0
9.85,8.0
9.86,12.0
9.87,12.0
9.88,11.0
9.89,10.0
9.9,7.0
9.91,15.0
9.92,9.0
9.93,11.0
9.94,14.0
9.95,8.0
9.96,8.0
9.97,14.0
9.98,13.0
9.99,17.0
10.0,15.0
10.01,19.0
10.02,9.0
10.03,10.0
10.04,11.0
10.05,12.0
10.06,9.0
10.07,13.0
10.08,12.0
10.09,15.0
10.1,8.0
10.11,10.0
10.12,13.0
10.13,15.0
10.14,11.0
10.15,11.0
10.16,13.0
10.17,19.0
10.18,16.0
10.19,12.0
10.2,13.0
10.21,15.0
10.22,10.0
10.23,11.0
10.24,17.0
10.25,11.0
10.26,13.0
10.27,10.0
10.28,14.0
10.29,15.0
10.3,15.0
10.31,8.0
10.32,13.0
10.33,12.0
10.34,15.0
10.35,11.0
10.36,16.0
10.37,18.0
10.38,15.0
10.39,10.0
10.4,18.0
10.41,11.0
10.42,12.0
10.43,15.0
10.44,10.0
10.45,13.0
10.46,9.0
10.47,7.0
10.48,16.0
10.49,21.0
10.5,20.0
10.51,18.0
10.52,16.0
10.53,10.0
10.54,9.0
10.55,19.0
10.56,19.0
10.57,12.0
10.58,8.0
10.59,18.0
10.6,19.0
10.61,8.0
10.62,13.0
10.63,12.0
10.64,12.0
10.65,17.0
10.66,17.0
10.67,14.0
10.68,14.0
10.69,8.0
10.7,13.0
10.71,17.0
10.72,6.0
10.73,9.0
10.74,16.0
10.75,9.0
10.76,13.0
10.77,18.0
10.78,19.0
10.79,19.0
10.8,7.0
10.81,18.0
10.82,20.0
10.83,17.0
10.84,16.0
10.85,15.0
10.86,12.0
10.87,16.0
10.88,14.0
10.89,16.0
10.9,8.0
10.91,16.0
10.92,17.0
10.93,14.0
10.94,17.0
10.95,15.0
10.96,11.0
10.97,14.0
10.98,14.0
10.99,24.0
11.0,16.0
11.01,6.0
11.02,16.0
11.03,14.0
11.04,8.0
11.05,17.0
11.06,9.0
11.07,19.0
11.08,22.0
11.09,11.0
11.1,13.0
11.11,18.0
11.12,11.0
11.13,15.0
11.14,17.0
11.15,15.0
11.16,14.0
11.17,22.0
11.18,11.0
11.19,14.0
11.2,14.0
11.21,15.0
11.22,12.0
11.23,7.0
11.24,9.0
11.25,17.0
11.26,4.0
11.27,11.0
11.28,15.0
11.29,6.0
11.3,12.0
11.31,17.0
11.32,12.0
11.33,20.0
11.34,11.0
11.35,15.0
11.36,23.0
11.37,10.0
11.38,17.0
11.39,11.0
11.4,15.0
11.41,19.0
11.42,12.0
11.43,10.0
11.44,13.0
11.45,15.0
11.46,18.0
11.47,10.0
11.48,11.0
11.49,18.0
11.5,11.0
11.51,12.0
11.52,9.0
11.53,14.0
11.54,8.0
11.55,10.0
11.56,12.0
11.57,17.0
11.58,18.0
11.59,15.0
11.6,10.0
11.61,15.0
11.62,13.0
11.63,19.0
11.64,13.0
11.65,13.0
11.66,17.0
11.67,20.0
11.68,18.0
11.69,12.0
11.7,18.0
11.71,11.0
11.72,14.0
11.73,10.0
11.74,13.0
11.75,18.0
11.76,12.0
11.77,12.0
11.78,10.0
11.79,12.0
11.8,11.0
11.81,18.0
11.82,13.0
11.83,11.0
11.84,11.0
11.85,14.0
11.86,19.0
11.87,15.0
11.88,18.0
11.89,15.0
11.9,9.0
11.91,19.0
11.92,13.0
11.93,16.0
11.94,18.0
11.95,14.0
11.96,19.0
11.97,10.0
11.98,18.0
11.99,17.0
12.0,15.0
12.01,11.0
12.02,23.0
12.03,23.0
12.04,20.0
12.05,17.0
12.06,17.0
12.07,16.0
12.08,24.0
12.09,11.0
12.1,16.0
12.11,16.0
12.12,20.0
12.13,17.0
12.14,23.0
12.15,16.0
12.16,9.0
12.17,15.0
12.18,17.0
12.19,8.0
12.2,13.0
12.21,15.0
12.22,10.0
12.23,15.0
12.24,19.0
12.25,17.0
12.26,19.0
12.27,22.0
12.28,17.0
12.29,16.0
12.3,14.0
12.31,20.0
12.32,12.0
12.33,19.0
12.34,15.0
12.35,19.0
12.36,27.0
12.37,20.0
12.38,20.0
12.39,35.0
12.4,28.0
12.41,28.0
12.42,26.0
12.43,28.0
12.44,24.0
12.45,32.0
12.46,44.0
12.47,21.0
12.48,27.0
12.49,21.0
12.5,24.0
12.51,12.0
12.52,12.0
12.53,10.0
12.54,13.0
12.55,14.0
12.56,12.0
12.57,15.0
12.58,17.0
12.59,18.0
12.6,15.0
12.61,18.0
12.62,13.0
12.63,13.0
12.64,11.0
12.65,14.0
12.66,14.0
12.67,19.0
12.68,10.0
12.69,18.0
12.7,12.0
12.71,17.0
12.72,7.0
12.73,15.0
12.74,14.0
12.75,14.0
12.76,19.0
12.77,14.0
12.78,19.0
12.79,17.0
12.8,7.0
12.81,17.0
12.82,11.0
12.83,17.0
12.84,15.0
12.85,19.0
12.86,21.0
12.87,14.0
12.88,19.0
12.89,12.0
12.9,10.0
12.91,11.0
12.92,14.0
12.93,17.0
12.94,14.0
12.95,11.0
12.96,20.0
12.97,12.0
12.98,18.0
12.99,8.0
13.0,19.0
13.01,13.0
13.02,15.0
13.03,10.0
13.04,14.0
13.05,15.0
13.06,9.0
13.07,11.0
13.08,17.0
13.09,20.0
13.1,22.0
13.11,15.0
13.12,17.0
13.13,17.0
13.14,16.0
13.15,11.0
13.16,8.0
13.17,18.0
13.18,15.0
13.19,16.0
13.2,11.0
13.21,7.0
13.22,12.0
13.23,15.0
13.24,13.0
13.25,10.0
13.26,12.0
13.27,19.0
13.28,9.0
13.29,19.0
13.3,15.0
13.31,8.0
13.32,8.0
13.33,12.0
13.34,11.0
13.35,17.0
13.36,12.0
13.37,16.0
13.38,20.0
13.39,12.0
13.4,17.0
13.41,14.0
13.42,18.0
13.43,20.0
13.44,18.0
13.45,21.0
13.46,11.0
13.47,15.0
13.48,13.0
13.49,13.0
13.5,12.0
13.51,12.0
13.52,17.0
13.53,12.0
13.54,11.0
13.55,10.0
13.56,18.0
13.57,14.0
13.58,10.0
13.59,23.0
13.6,14.0
13.61,14.0
13.62,11.0
13.63,15.0
13.64,13.0
13.65,14.0
13.66,14.0
13.67,17.0
13.68,11.0
13.69,12.0
13.7,12.0
13.71,11.0
13.72,10.0
13.73,20.0
13.74,10.0
13.75,8.0
13.76,20.0
13.77,16.0
13.78,12.0
13.79,11.0
13.8,12.0
13.81,15.0
13.82,16.0
13.83,15.0
13.84,14.0
13.85,11.0
13.86,10.0
13.87,11.0
13.88,9.0
13.89,17.0
13.9,12.0
13.91,16.0
13.92,15.0
13.93,12.0
13.94,16.0
13.95,11.0
13.96,10.0
13.97,8.0
13.98,15.0
13.99,8.0
14.0,11.0
14.01,15.0
14.02,16.0
14.03,19.0
14.04,10.0
14.05,21.0
14.06,22.0
14.07,11.0
14.08,14.0
14.09,11.0
14.1,15.0
14.11,13.0
14.12,13.0
14.13,11.0
14.14,8.0
14.15,9.0
14.16,18.0
14.17,17.0
14.18,14.0
14.19,10.0
14.2,20.0
14.21,11.0
14.22,16.0
14.23,19.0
14.24,10.0
14.25,14.0
14.26,20.0
14.27,15.0
14.28,15.0
14.29,17.0
14.3,13.0
14.31,14.0
14.32,12.0
14.33,16.0
14.34,15.0
14.35,19.0
14.36,16.0
14.37,13.0
14.38,11.0
14.39,18.0
14.4,18.0
14.41,14.0
14.42,11.0
14.43,12.0
14.44,11.0
14.45,11.0
14.46,17.0
14.47,21.0
14.48,20.0
14.49,12.0
14.5,16.0
14.51,18.0
14.52,20.0
14.53,16.0
14.54,18.0
14.55,19.0
14.56,10.0
14.57,11.0
14.58,18.0
14.59,13.0
14.6,14.0
14.61,14.0
14.62,11.0
14.63,7.0
14.64,12.0
14.65,13.0
14.66,13.0
14.67,14.0
14.68,12.0
14.69,7.0
14.7,18.0
14.71,11.0
14.72,15.0
14.73,13.0
14.74,10.0
14.75,14.0
14.76,13.0
14.77,13.0
14.78,9.0
14.79,14.0
14.8,9.0
14.81,9.0
14.82,10.0
14.83,8.0
14.84,14.0
14.85,21.0
14.86,11.0
14.87,10.0
14.88,11.0
14.89,21.0
14.9,16.0
14.91,14.0
14.92,9.0
14.93,14.0
14.94,16.0
14.95,8.0
14.96,15.0
14.97,13.0
14.98,16.0
14.99,18.0
15.0,7.0
15.01,19.0
15.02,13.0
15.03,11.0
15.04,13.0
15.05,14.0
15.06,16.0
15.07,7.0
15.08,12.0
15.09,17.0
15.1,19.0
15.11,13.0
15.12,17.0
15.13,17.0
15.14,16.0
15.15,14.0
15.16,11.0
15.17,15.0
15.18,13.0
15.19,15.0
15.2,14.0
15.21,19.0
15.22,11.0
15.23,17.0
15.24,21.0
15.25,13.0
15.26,14.0
15.27,9.0
15.28,12.0
15.29,21.0
15.3,16.0
15.31,10.0
15.32,8.0
15.33,16.0
15.34,14.0
15.35,9.0
15.36,15.0
15.37,10.0
15.38,19.0
15.39,16.0
15.4,15.0
15.41,24.0
15.42,19.0
15.43,16.0
15.44,10.0
15.45,18.0
15.46,14.0
15.47,15.0
15.48,14.0
15.49,18.0
15.5,15.0
15.51,15.0
15.52,16.0
15.53,12.0
15.54,10.0
15.55,10.0
15.56,18.0
15.57,17.0
15.58,20.0
15.59,22.0
15.6,14.0
15.61,13.0
15.62,16.0
15.63,18.0
15.64,11.0
15.65,13.0
15.66,13.0
15.67,15.0
15.68,12.0
15.69,11.0
15.7,12.0
15.71,18.0
15.72,15.0
15.73,13.0
15.74,16.0
15.75,21.0
15.76,15.0
15.77,18.0
15.78,17.0
15.79,14.0
15.8,9.0
15.81,10.0
15.82,5.0
15.83,15.0
15.84,8.0
15.85,7.0
15.86,18.0
15.87,15.0
15.88,12.0
15.89,16.0
15.9,18.0
15.91,20.0
15.92,13.0
15.93,10.0
15.94,16.0
15.95,16.0
15.96,16.0
15.97,14.0
15.98,22.0
15.99,20.0
16.0,14.0
16.01,9.0
16.02,16.0
16.03,11.0
16.04,10.0
16.05,8.0
16.06,9.0
16.07,16.0
16.08,14.0
16.09,16.0
16.1,14.0
16.11,16.0
16.12,8.0
16.13,20.0
16.14,15.0
16.15,12.0
16.16,11.0
16.17,17.0
16.18,18.0
16.19,18.0
16.2,19.0
16.21,16.0
16.22,14.0
16.23,16.0
16.24,10.0
16.25,22.0
16.26,11.0
16.27,15.0
16.28,10.0
16.29,19.0
16.3,7.0
16.31,13.0
16.32,6.0
16.33,21.0
16.34,13.0
16.35,14.0
16.36,14.0
16.37,14.0
16.38,19.0
16.39,16.0
16.4,14.0
16.41,15.0
16.42,16.0
16.43,10.0
16.44,20.0
16.45,14.0
16.46,15.0
16.47,16.0
16.48,16.0
16.49,16.0
16.5,11.0
16.51,14.0
16.52,13.0
16.53,15.0
16.54,14.0
16.55,12.0
16.56,12.0
16.57,16.0
16.58,7.0
16.59,12.0
16.6,21.0
16.61,14.0
16.62,9.0
16.63,20.0
16.64,19.0
16.65,14.0
16.66,20.0
16.67,26.0
16.68,10.0
16.69,24.0
16.7,12.0
16.71,14.0
16.72,18.0
16.73,23.0
16.74,9.0
16.75,24.0
16.76,9.0
16.77,12.0
16.78,17.0
16.79,18.0
16.8,9.0
16.81,14.0
16.82,23.0
16.83,18.0
16.84,14.0
16.85,10.0
16.86,9.0
16.87,12.0
16.88,16.0
16.89,13.0
16.9,15.0
16.91,22.0
16.92,16.0
16.93,17.0
16.94,11.0
16.95,19.0
16.96,16.0
16.97,15.0
16.98,16.0
16.99,12.0
17.0,17.0
17.01,17.0
17.02,19.0
17.03,11.0
17.04,16.0
17.05,16.0
17.06,18.0
17.07,23.0
17.08,17.0
17.09,11.0
17.1,17.0
17.11,10.0
17.12,12.0
17.13,16.0
17.14,11.0
17.15,17.0
17.16,16.0
17.17,13.0
17.18,18.0
17.19,14.0
17.2,14.0
17.21,12.0
17.22,11.0
17.23,19.0
17.24,20.0
17.25,19.0
17.26,15.0
17.27,17.0
17.28,12.0
17.29,11.0
17.3,9.0
17.31,9.0
17.32,14.0
17.33,23.0
17.34,13.0
17.35,15.0
17.36,15.0
17.37,14.0
17.38,17.0
17.39,15.0
17.4,14.0
17.41,15.0
17.42,13.0
17.43,20.0
17.44,13.0
17.45,19.0
17.46,27.0
17.47,14.0
17.48,16.0
17.49,21.0
17.5,14.0
17.51,12.0
17.52,11.0
17.53,16.0
17.54,12.0
17.55,9.0
17.56,14.0
17.57,17.0
17.58,15.0
17.59,12.0
17.6,9.0
17.61,15.0
17.62,10.0
17.63,3.0
17.64,11.0
17.65,16.0
17.66,17.0
17.67,11.0
17.68,21.0
17.69,15.0
17.7,10.0
17.71,20.0
17.72,15.0
17.73,18.0
17.74,17.0
17.75,19.0
17.76,8.0
17.77,15.0
17.78,17.0
17.79,18.0
17.8,13.0
17.81,13.0
17.82,13.0
17.83,15.0
17.84,19.0
17.85,12.0
17.86,19.0
17.87,13.0
17.88,13.0
17.89,20.0
17.9,12.0
17.91,13.0
17.92,11.0
17.93,14.0
17.94,14.0
17.95,19.0
17.96,11.0
17.97,18.0
17.98,13.0
17.99,12.0
18.0,11.0
18.01,23.0
18.02,11.0
18.03,14.0
18.04,14.0
18.05,23.0
18.06,14.0
18.07,17.0
18.08,10.0
18.09,14.0
18.1,12.0
18.11,19.0
18.12,19.0
18.13,14.0
18.14,23.0
18.15,19.0
18.16,24.0
18.17,15.0
18.18,18.0
18.19,14.0
18.2,13.0
18.21,13.0
18.22,11.0
18.23,11.0
18.24,16.0
18.25,20.0
18.26,11.0
18.27,12.0
18.28,23.0
18.29,21.0
18.3,17.0
18.31,18.0
18.32,15.0
18.33,14.0
18.34,15.0
18.35,15.0
18.36,26.0
18.37,15.0
18.38,9.0
18.39,15.0
18.4,12.0
18.41,14.0
18.42,15.0
18.43,16.0
18.44,8.0
18.45,16.0
18.46,9.0
18.47,24.0
18.48,18.0
18.49,9.0
18.5,17.0
18.51,14.0
18.52,16.0
18.53,22.0
18.54,15.0
18.55,10.0
18.56,15.0
18.57,14.0
18.58,10.0
18.59,23.0
18.6,7.0
18.61,14.0
18.62,18.0
18.63,10.0
18.64,15.0
18.65,10.0
18.66,17.0
18.67,11.0
18.68,16.0
18.69,10.0
18.7,10.0
18.71,15.0
18.72,11.0
18.73,17.0
18.74,18.0
18.75,13.0
18.76,18.0
18.77,20.0
18.78,16.0
18.79,15.0
18.8,16.0
18.81,13.0
18.82,16.0
18.83,16.0
18.84,11.0
18.85,11.0
18.86,16.0
18.87,19.0
18.88,9.0
18.89,12.0
18.9,18.0
18.91,17.0
18.92,20.0
18.93,15.0
18.94,18.0
18.95,18.0
18.96,22.0
18.97,14.0
18.98,11.0
18.99,15.0
19.0,13.0
19.01,10.0
19.02,18.0
19.03,12.0
19.04,15.0
19.05,10.0
19.06,14.0
19.07,10.0
19.08,17.0
19.09,22.0
19.1,17.0
19.11,14.0
19.12,21.0
19.13,8.0
19.14,9.0
19.15,12.0
19.16,17.0
19.17,16.0
19.18,20.0
19.19,18.0
19.2,16.0
19.21,26.0
19.22,16.0
19.23,14.0
19.24,16.0
19.25,13.0
19.26,15.0
19.27,23.0
19.28,16.0
19.29,11.0
19.3,13.0
19.31,20.0
19.32,17.0
19.33,19.0
19.34,12.0
19.35,16.0
19.36,19.0
19.37,17.0
19.38,16.0
19.39,11.0
19.4,17.0
19.41,12.0
19.42,11.0
19.43,11.0
19.44,10.0
19.45,20.0
19.46,15.0
19.47,17.0
19.48,10.0
19.49,19.0
19.5,17.0
19.51,21.0
19.52,7.0
19.53,10.0
19.54,11.0
19.55,16.0
19.56,17.0
19.57,14.0
19.58,12.0
19.59,9.0
19.6,16.0
19.61,15.0
19.62,16.0
19.63,12.0
19.64,15.0
19.65,7.0
19.66,14.0
19.67,19.0
19.68,19.0
19.69,16.0
19.7,13.0
19.71,14.0
19.72,11.0
19.73,15.0
19.74,20.0
19.75,14.0
19.76,11.0
19.77,11.0
19.78,14.0
19.79,18.0
19.8,24.0
19.81,7.0
19.82,7.0
19.83,11.0
19.84,14.0
19.85,19.0
19.86,14.0
19.87,16.0
19.88,15.0
19.89,18.0
19.9,12.0
19.91,16.0
19.92,22.0
19.93,20.0
19.94,17.0
19.95,15.0
19.96,17.0
19.97,11.0
19.98,16.0
19.99,17.0
20.0,17.0
20.01,14.0
20.02,18.0
20.03,13.0
20.04,13.0
20.05,16.0
20.06,17.0
20.07,16.0
20.08,17.0
20.09,15.0
20.1,14.0
20.11,11.0
20.12,14.0
20.13,15.0
20.14,9.0
20.15,21.0
20.16,16.0
20.17,17.0
20.18,16.0
20.19,20.0
20.2,17.0
20.21,20.0
20.22,12.0
20.23,16.0
20.24,19.0
20.25,18.0
20.26,16.0
20.27,12.0
20.28,12.0
20.29,10.0
20.3,8.0
20.31,17.0
20.32,15.0
20.33,11.0
20.34,14.0
20.35,22.0
20.36,17.0
20.37,9.0
20.38,13.0
20.39,15.0
20.4,12.0
20.41,17.0
20.42,12.0
20.43,9.0
20.44,13.0
20.45,11.0
20.46,11.0
20.47,13.0
20.48,5.0
20.49,17.0
20.5,18.0
20.51,19.0
20.52,12.0
20.53,15.0
20.54,18.0
20.55,17.0
20.56,17.0
20.57,13.0
20.58,17.0
20.59,12.0
20.6,11.0
20.61,15.0
20.62,23.0
20.63,21.0
20.64,11.0
20.65,10.0
20.66,14.0
20.67,12.0
20.68,19.0
20.69,23.0
20.7,13.0
20.71,23.0
20.72,16.0
20.73,13.0
20.74,19.0
20.75,16.0
20.76,9.0
20.77,17.0
20.78,13.0
20.79,16.0
20.8,22.0
20.81,14.0
20.82,15.0
20.83,13.0
20.84,13.0
20.85,14.0
20.86,16.0
20.87,16.0
20.88,15.0
20.89,16.0
20.9,12.0
20.91,12.0
20.92,19.0
20.93,12.0
20.94,16.0
20.95,11.0
20.96,17.0
20.97,11.0
20.98,13.0
20.99,15.0
21.0,18.0
21.01,20.0
21.02,17.0
21.03,9.0
21.04,14.0
21.05,14.0
21.06,18.0
21.07,18.0
21.08,16.0
21.09,12.0
21.1,19.0
21.11,19.0
21.12,13.0
21.13,14.0
21.14,13.0
21.15,14.0
21.16,11.0
21.17,6.0
21.18,13.0
21.19,13.0
21.2,16.0
21.21,23.0
21.22,12.0
21.23,11.0
21.24,21.0
21.25,11.0
21.26,25.0
21.27,15.0
21.28,15.0
21.29,16.0
21.3,13.0
21.31,9.0
21.32,10.0
21.33,20.0
21.34,8.0
21.35,18.0
21.36,17.0
21.37,9.0
21.38,16.0
21.39,16.0
21.4,19.0
21.41,23.0
21.42,18.0
21.43,11.0
21.44,15.0
21.45,9.0
21.46,15.0
21.47,14.0
21.48,11.0
21.49,19.0
21.5,13.0
21.51,20.0
21.52,26.0
21.53,12.0
21.54,9.0
21.55,14.0
21.56,13.0
21.57,18.0
21.58,15.0
21.59,14.0
21.6,13.0
21.61,14.0
21.62,12.0
21.63,14.0
21.64,15.0
21.65,10.0
21.66,17.0
21.67,14.0
21.68,15.0
21.69,21.0
21.7,11.0
21.71,16.0
21.72,20.0
21.73,19.0
21.74,10.0
21.75,18.0
21.76,12.0
21.77,10.0
21.78,13.0
21.79,15.0
21.8,16.0
21.81,11.0
21.82,16.0
21.83,15.0
21.84,13.0
21.85,17.0
21.86,17.0
21.87,17.0
21.88,17.0
21.89,16.0
21.9,18.0
21.91,14.0
21.92,18.0
21.93,19.0
21.94,22.0
21.95,25.0
21.96,16.0
21.97,16.0
21.98,21.0
21.99,13.0
22.0,8.0
22.01,15.0
22.02,16.0
22.03,17.0
22.04,15.0
22.05,16.0
22.06,16.0
22.07,19.0
22.08,8.0
22.09,17.0
22.1,22.0
22.11,12.0
22.12,15.0
22.13,23.0
22.14,13.0
22.15,15.0
22.16,18.0
22.17,21.0
22.18,10.0
22.19,15.0
22.2,20.0
22.21,22.0
22.22,20.0
22.23,19.0
22.24,20.0
22.25,13.0
22.26,11.0
22.27,18.0
22.28,23.0
22.29,18.0
22.3,17.0
22.31,11.0
22.32,19.0
22.33,15.0
22.34,21.0
22.35,16.0
22.36,8.0
22.37,18.0
22.38,19.0
22.39,18.0
22.4,15.0
22.41,6.0
22.42,11.0
22.43,13.0
22.44,7.0
22.45,15.0
22.46,21.0
22.47,11.0
22.48,12.0
22.49,11.0
22.5,13.0
22.51,15.0
22.52,21.0
22.53,7.0
22.54,19.0
22.55,16.0
22.56,10.0
22.57,18.0
22.58,20.0
22.59,14.0
22.6,20.0
22.61,21.0
22.62,16.0
22.63,14.0
22.64,22.0
22.65,7.0
22.66,12.0
22.67,18.0
22.68,16.0
22.69,15.0
22.7,10.0
22.71,11.0
22.72,15.0
22.73,24.0
22.74,18.0
22.75,9.0
22.76,15.0
22.77,11.0
22.78,16.0
22.79,20.0
22.8,14.0
22.81,23.0
22.82,9.0
22.83,23.0
22.84,16.0
22.85,11.0
22.86,12.0
22.87,18.0
22.88,13.0
22.89,15.0
22.9,18.0
22.91,11.0
22.92,13.0
22.93,14.0
22.94,19.0
22.95,12.0
22.96,19.0
22.97,16.0
22.98,19.0
22.99,9.0
23.0,12.0
23.01,14.0
23.02,11.0
23.03,14.0
23.04,17.0
23.05,16.0
23.06,21.0
23.07,12.0
23.08,15.0
23.09,18.0
23.1,11.0
23.11,17.0
23.12,17.0
23.13,12.0
23.14,21.0
23.15,17.0
23.16,20.0
23.17,17.0
23.18,19.0
23.19,16.0
23.2,20.0
23.21,11.0
23.22,12.0
23.23,12.0
23.24,23.0
23.25,7.0
23.26,17.0
23.27,12.0
23.28,19.0
23.29,18.0
23.3,19.0
23.31,18.0
23.32,16.0
23.33,21.0
23.34,22.0
23.35,5.0
23.36,15.0
23.37,19.0
23.38,18.0
23.39,18.0
23.4,16.0
23.41,14.0
23.42,25.0
23.43,16.0
23.44,9.0
23.45,16.0
23.46,16.0
23.47,19.0
23.48,20.0
23.49,16.0
23.5,12.0
23.51,20.0
23.52,16.0
23.53,10.0
23.54,21.0
23.55,14.0
23.56,17.0
23.57,14.0
23.58,18.0
23.59,15.0
23.6,12.0
23.61,22.0
23.62,20.0
23.63,11.0
23.64,15.0
23.65,20.0
23.66,17.0
23.67,20.0
23.68,21.0
23.69,18.0
23.7,14.0
23.71,27.0
23.72,18.0
23.73,16.0
23.74,13.0
23.75,17.0
23.76,23.0
23.77,18.0
23.78,10.0
23.79,14.0
23.8,21.0
23.81,9.0
23.82,13.0
23.83,22.0
23.84,14.0
23.85,21.0
23.86,22.0
23.87,14.0
23.88,16.0
23.89,16.0
23.9,22.0
23.91,25.0
23.92,16.0
23.93,13.0
23.94,18.0
23.95,19.0
23.96,16.0
23.97,16.0
23.98,21.0
23.99,22.0
24.0,33.0
24.01,15.0
24.02,14.0
24.03,17.0
24.04,17.0
24.05,21.0
24.06,15.0
24.07,27.0
24.08,21.0
24.09,22.0
24.1,25.0
24.11,22.0
24.12,27.0
24.13,24.0
24.14,30.0
24.15,26.0
24.16,27.0
24.17,31.0
24.18,32.0
24.19,35.0
24.2,41.0
24.21,59.0
24.22,57.0
24.23,57.0
24.24,75.0
24.25,93.0
24.26,118.0
24.27,121.0
24.28,161.0
24.29,148.0
24.3,163.0
24.31,140.0
24.32,184.0
24.33,154.0
24.34,144.0
24.35,110.0
24.36,131.0
24.37,120.0
24.38,66.0
24.39,95.0
24.4,83.0
24.41,64.0
24.42,39.0
24.43,40.0
24.44,36.0
24.45,31.0
24.46,40.0
24.47,33.0
24.48,31.0
24.49,26.0
24.5,18.0
24.51,25.0
24.52,24.0
24.53,21.0
24.54,23.0
24.55,24.0
24.56,24.0
24.57,16.0
24.58,25.0
24.59,16.0
24.6,21.0
24.61,13.0
24.62,27.0
24.63,16.0
24.64,21.0
24.65,14.0
24.66,19.0
24.67,17.0
24.68,17.0
24.69,19.0
24.7,18.0
24.71,24.0
24.72,12.0
24.73,15.0
24.74,23.0
24.75,14.0
24.76,17.0
24.77,22.0
24.78,20.0
24.79,27.0
24.8,20.0
24.81,18.0
24.82,18.0
24.83,21.0
24.84,26.0
24.85,20.0
24.86,17.0
24.87,26.0
24.88,36.0
24.89,32.0
24.9,22.0
24.91,26.0
24.92,29.0
24.93,26.0
24.94,29.0
24.95,39.0
24.96,15.0
24.97,26.0
24.98,36.0
24.99,23.0
25.0,15.0
25.01,41.0
25.02,16.0
25.03,24.0
25.04,24.0
25.05,27.0
25.06,24.0
25.07,16.0
25.08,27.0
25.09,29.0
25.1,24.0
25.11,10.0
25.12,17.0
25.13,14.0
25.14,19.0
25.15,11.0
25.16,11.0
25.17,10.0
25.18,13.0
25.19,25.0
25.2,13.0
25.21,15.0
25.22,18.0
25.23,18.0
25.24,21.0
25.25,18.0
25.26,12.0
25.27,12.0
25.28,17.0
25.29,17.0
25.3,15.0
25.31,16.0
25.32,19.0
25.33,18.0
25.34,12.0
25.35,15.0
25.36,10.0
25.37,20.0
25.38,26.0
25.39,11.0
25.4,16.0
25.41,15.0
25.42,18.0
25.43,17.0
25.44,19.0
25.45,19.0
25.46,10.0
25.47,14.0
25.48,10.0
25.49,14.0
25.5,19.0
25.51,16.0
25.52,12.0
25.53,14.0
25.54,17.0
25.55,14.0
25.56,13.0
25.57,15.0
25.58,16.0
25.59,17.0
25.6,20.0
25.61,19.0
25.62,16.0
25.63,19.0
25.64,17.0
25.65,16.0
25.66,16.0
25.67,14.0
25.68,17.0
25.69,21.0
25.7,19.0
25.71,24.0
25.72,12.0
25.73,15.0
25.74,29.0
25.75,22.0
25.76,12.0
25.77,11.0
25.78,18.0
25.79,13.0
25.8,23.0
25.81,13.0
25.82,12.0
25.83,15.0
25.84,15.0
25.85,24.0
25.86,15.0
25.87,13.0
25.88,8.0
25.89,14.0
25.9,10.0
25.91,16.0
25.92,15.0
25.93,22.0
25.94,19.0
25.95,12.0
25.96,19.0
25.97,13.0
25.98,14.0
25.99,21.0
26.0,13.0
26.01,22.0
26.02,17.0
26.03,18.0
26.04,24.0
26.05,16.0
26.06,21.0
26.07,18.0
26.08,10.0
26.09,14.0
26.1,11.0
26.11,14.0
26.12,13.0
26.13,21.0
26.14,12.0
26.15,17.0
26.16,11.0
26.17,27.0
26.18,16.0
26.19,13.0
26.2,15.0
26.21,15.0
26.22,13.0
26.23,18.0
26.24,12.0
26.25,21.0
26.26,18.0
26.27,15.0
26.28,18.0
26.29,12.0
26.3,18.0
26.31,19.0
26.32,12.0
26.33,23.0
26.34,19.0
26.35,11.0
26.36,12.0
26.37,16.0
26.38,22.0
26.39,15.0
26.4,14.0
26.41,16.0
26.42,12.0
26.43,16.0
26.44,13.0
26.45,11.0
26.46,9.0
26.47,20.0
26.48,9.0
26.49,23.0
26.5,22.0
26.51,12.0
26.52,13.0
26.53,20.0
26.54,7.0
26.55,16.0
26.56,22.0
26.57,17.0
26.58,19.0
26.59,8.0
26.6,16.0
26.61,17.0
26.62,15.0
26.63,16.0
26.64,15.0
26.65,19.0
26.66,22.0
26.67,15.0
26.68,18.0
26.69,21.0
26.7,11.0
26.71,24.0
26.72,18.0
26.73,19.0
26.74,18.0
26.75,21.0
26.76,12.0
26.77,13.0
26.78,9.0
26.79,11.0
26.8,17.0
26.81,24.0
26.82,23.0
26.83,20.0
26.84,21.0
26.85,25.0
26.86,15.0
26.87,23.0
26.88,14.0
26.89,13.0
26.9,12.0
26.91,18.0
26.92,12.0
26.93,15.0
26.94,16.0
26.95,12.0
26.96,22.0
26.97,20.0
26.98,27.0
26.99,15.0
27.0,15.0
27.01,14.0
27.02,23.0
27.03,17.0
27.04,19.0
27.05,18.0
27.06,16.0
27.07,14.0
27.08,23.0
27.09,23.0
27.1,31.0
27.11,20.0
27.12,21.0
27.13,18.0
27.14,21.0
27.15,21.0
27.16,25.0
27.17,19.0
27.18,14.0
27.19,11.0
27.2,21.0
27.21,21.0
27.22,19.0
27.23,22.0
27.24,16.0
27.25,16.0
27.26,18.0
27.27,14.0
27.28,14.0
27.29,12.0
27.3,19.0
27.31,18.0
27.32,16.0
27.33,16.0
27.34,11.0
27.35,16.0
27.36,13.0
27.37,15.0
27.38,13.0
27.39,24.0
27.4,17.0
27.41,10.0
27.42,20.0
27.43,13.0
27.44,18.0
27.45,13.0
27.46,15.0
27.47,21.0
27.48,18.0
27.49,20.0
27.5,21.0
27.51,21.0
27.52,14.0
27.53,25.0
27.54,19.0
27.55,18.0
27.56,19.0
27.57,23.0
27.58,3.0
27.59,15.0
27.6,9.0
27.61,16.0
27.62,13.0
27.63,23.0
27.64,15.0
27.65,18.0
27.66,9.0
27.67,23.0
27.68,21.0
27.69,21.0
27.7,20.0
27.71,13.0
27.72,17.0
27.73,16.0
27.74,17.0
27.75,14.0
27.76,24.0
27.77,14.0
27.78,11.0
27.79,23.0
27.8,6.0
27.81,23.0
27.82,16.0
27.83,14.0
27.84,21.0
27.85,16.0
27.86,17.0
27.87,22.0
27.88,18.0
27.89,17.0
27.9,18.0
27.91,17.0
27.92,17.0
27.93,13.0
27.94,18.0
27.95,17.0
27.96,15.0
27.97,8.0
27.98,22.0
27.99,26.0
28.0,19.0
28.01,12.0
28.02,9.0
28.03,16.0
28.04,18.0
28.05,16.0
28.06,12.0
28.07,18.0
28.08,14.0
28.09,9.0
28.1,17.0
28.11,22.0
28.12,17.0
28.13,23.0
28.14,18.0
28.15,18.0
28.16,20.0
28.17,16.0
28.18,19.0
28.19,12.0
28.2,14.0
28.21,15.0
28.22,18.0
28.23,18.0
28.24,18.0
28.25,13.0
28.26,14.0
28.27,13.0
28.28,9.0
28.29,16.0
28.3,20.0
28.31,18.0
28.32,22.0
28.33,19.0
28.34,16.0
28.35,23.0
28.36,21.0
28.37,20.0
28.38,21.0
28.39,18.0
28.4,20.0
28.41,22.0
28.42,18.0
28.43,12.0
28.44,10.0
28.45,14.0
28.46,15.0
28.47,15.0
28.48,20.0
28.49,25.0
28.5,15.0
28.51,18.0
28.52,15.0
28.53,16.0
28.54,18.0
28.55,11.0
28.56,28.0
28.57,10.0
28.58,15.0
28.59,24.0
28.6,15.0
28.61,17.0
28.62,12.0
28.63,21.0
28.64,18.0
28.65,19.0
28.66,16.0
28.67,19.0
28.68,16.0
28.69,14.0
28.7,7.0
28.71,23.0
28.72,14.0
28.73,18.0
28.74,26.0
28.75,18.0
28.76,14.0
28.77,23.0
28.78,17.0
28.79,14.0
28.8,20.0
28.81,13.0
28.82,22.0
28.83,19.0
28.84,22.0
28.85,15.0
28.86,20.0
28.87,22.0
28.88,20.0
28.89,14.0
28.9,16.0
28.91,15.0
28.92,20.0
28.93,13.0
28.94,12.0
28.95,13.0
28.96,14.0
28.97,15.0
28.98,11.0
28.99,16.0
29.0,22.0
29.01,16.0
29.02,19.0
29.03,23.0
29.04,19.0
29.05,16.0
29.06,22.0
29.07,19.0
29.08,23.0
29.09,13.0
29.1,21.0
29.11,16.0
29.12,20.0
29.13,17.0
29.14,15.0
29.15,23.0
29.16,19.0
29.17,11.0
29.18,26.0
29.19,24.0
29.2,21.0
29.21,22.0
29.22,15.0
29.23,14.0
29.24,21.0
29.25,17.0
29.26,21.0
29.27,27.0
29.28,18.0
29.29,18.0
29.3,14.0
29.31,24.0
29.32,24.0
29.33,21.0
29.34,18.0
29.35,17.0
29.36,28.0
29.37,14.0
29.38,22.0
29.39,18.0
29.4,15.0
29.41,22.0
29.42,8.0
29.43,20.0
29.44,18.0
29.45,25.0
29.46,14.0
29.47,16.0
29.48,23.0
29.49,15.0
29.5,15.0
29.51,19.0
29.52,19.0
29.53,25.0
29.54,26.0
29.55,28.0
29.56,22.0
29.57,26.0
29.58,21.0
29.59,13.0
29.6,14.0
29.61,22.0
29.62,15.0
29.63,13.0
29.64,25.0
29.65,18.0
29.66,31.0
29.67,27.0
29.68,28.0
29.69,29.0
29.7,22.0
29.71,18.0
29.72,25.0
29.73,17.0
29.74,9.0
29.75,25.0
29.76,27.0
29.77,28.0
29.78,31.0
29.79,24.0
29.8,17.0
29.81,23.0
29.82,30.0
29.83,21.0
29.84,26.0
29.85,41.0
29.86,27.0
29.87,38.0
29.88,37.0
29.89,28.0
29.9,37.0
29.91,39.0
29.92,47.0
29.93,37.0
29.94,47.0
29.95,58.0
29.96,73.0
29.97,67.0
29.98,86.0
29.99,102.0
30.0,107.0
30.01,129.0
30.02,167.0
30.03,227.0
30.04,320.0
30.05,358.0
30.06,494.0
30.07,450.0
30.08,458.0
30.09,396.0
30.1,384.0
30.11,298.0
30.12,266.0
30.13,266.0
30.14,243.0
30.15,320.0
30.16,246.0
30.17,224.0
30.18,184.0
30.19,115.0
30.2,98.0
30.21,103.0
30.22,74.0
30.23,68.0
30.24,70.0
30.25,50.0
30.26,45.0
30.27,45.0
30.28,48.0
30.29,36.0
30.3,38.0
30.31,49.0
30.32,46.0
30.33,49.0
30.34,30.0
30.35,36.0
30.36,29.0
30.37,35.0
30.38,31.0
30.39,26.0
30.4,35.0
30.41,35.0
30.42,29.0
30.43,27.0
30.44,33.0
30.45,26.0
30.46,25.0
30.47,22.0
30.48,17.0
30.49,26.0
30.5,21.0
30.51,16.0
30.52,19.0
30.53,20.0
30.54,18.0
30.55,16.0
30.56,27.0
30.57,31.0
30.58,27.0
30.59,28.0
30.6,23.0
30.61,23.0
30.62,28.0
30.63,14.0
30.64,18.0
30.65,25.0
30.66,13.0
30.67,20.0
30.68,19.0
30.69,12.0
30.7,17.0
30.71,18.0
30.72,15.0
30.73,21.0
30.74,23.0
30.75,14.0
30.76,23.0
30.77,17.0
30.78,15.0
30.79,28.0
30.8,15.0
30.81,18.0
30.82,21.0
30.83,12.0
30.84,14.0
30.85,25.0
30.86,23.0
30.87,18.0
30.88,18.0
30.89,16.0
30.9,29.0
30.91,21.0
30.92,17.0
30.93,18.0
30.94,23.0
30.95,18.0
30.96,19.0
30.97,24.0
30.98,18.0
30.99,24.0
31.0,29.0
31.01,30.0
31.02,18.0
31.03,15.0
31.04,26.0
31.05,18.0
31.06,18.0
31.07,31.0
31.08,19.0
31.09,30.0
31.1,31.0
31.11,30.0
31.12,28.0
31.13,26.0
31.14,26.0
31.15,39.0
31.16,27.0
31.17,32.0
31.18,52.0
31.19,45.0
31.2,58.0
31.21,53.0
31.22,59.0
31.23,49.0
31.24,43.0
31.25,40.0
31.26,54.0
31.27,37.0
31.28,35.0
31.29,37.0
31.3,41.0
31.31,28.0
31.32,22.0
31.33,28.0
31.34,24.0
31.35,32.0
31.36,24.0
31.37,19.0
31.38,25.0
31.39,22.0
31.4,21.0
31.41,20.0
31.42,21.0
31.43,25.0
31.44,29.0
31.45,19.0
31.46,16.0
31.47,17.0
31.48,21.0
31.49,20.0
31.5,20.0
31.51,19.0
31.52,20.0
31.53,14.0
31.54,15.0
31.55,24.0
31.56,24.0
31.57,23.0
31.58,19.0
31.59,22.0
31.6,21.0
31.61,14.0
31.62,17.0
31.63,14.0
31.64,13.0
31.65,15.0
31.66,18.0
31.67,19.0
31.68,13.0
31.69,17.0
31.7,24.0
31.71,10.0
31.72,20.0
31.73,12.0
31.74,19.0
31.75,20.0
31.76,26.0
31.77,28.0
31.78,15.0
31.79,16.0
31.8,22.0
31.81,19.0
31.82,16.0
31.83,9.0
31.84,26.0
31.85,18.0
31.86,20.0
31.87,19.0
31.88,18.0
31.89,22.0
31.9,16.0
31.91,23.0
31.92,20.0
31.93,19.0
31.94,19.0
31.95,25.0
31.96,12.0
31.97,15.0
31.98,26.0
31.99,26.0
32.0,15.0
32.01,22.0
32.02,21.0
32.03,17.0
32.04,24.0
32.05,21.0
32.06,16.0
32.07,20.0
32.08,15.0
32.09,14.0
32.1,18.0
32.11,12.0
32.12,27.0
32.13,19.0
32.14,13.0
32.15,22.0
32.16,21.0
32.17,27.0
32.18,19.0
32.19,14.0
32.2,16.0
32.21,25.0
32.22,15.0
32.23,17.0
32.24,15.0
32.25,15.0
32.26,23.0
32.27,18.0
32.28,14.0
32.29,21.0
32.3,17.0
32.31,24.0
32.32,20.0
32.33,13.0
32.34,14.0
32.35,24.0
32.36,16.0
32.37,20.0
32.38,21.0
32.39,24.0
32.4,13.0
32.41,16.0
32.42,19.0
32.43,26.0
32.44,14.0
32.45,26.0
32.46,20.0
32.47,21.0
32.48,16.0
32.49,25.0
32.5,10.0
32.51,19.0
32.52,18.0
32.53,18.0
32.54,18.0
32.55,16.0
32.56,8.0
32.57,17.0
32.58,14.0
32.59,20.0
32.6,16.0
32.61,17.0
32.62,20.0
32.63,9.0
32.64,19.0
32.65,14.0
32.66,9.0
32.67,20.0
32.68,28.0
32.69,21.0
32.7,19.0
32.71,19.0
32.72,15.0
32.73,19.0
32.74,13.0
32.75,19.0
32.76,13.0
32.77,19.0
32.78,11.0
32.79,21.0
32.8,17.0
32.81,13.0
32.82,22.0
32.83,15.0
32.84,19.0
32.85,14.0
32.86,20.0
32.87,19.0
32.88,17.0
32.89,20.0
32.9,16.0
32.91,18.0
32.92,13.0
32.93,18.0
32.94,15.0
32.95,20.0
32.96,18.0
32.97,19.0
32.98,12.0
32.99,15.0
33.0,25.0
33.01,22.0
33.02,18.0
33.03,18.0
33.04,22.0
33.05,23.0
33.06,13.0
33.07,22.0
33.08,18.0
33.09,14.0
33.1,11.0
33.11,12.0
33.12,20.0
33.13,22.0
33.14,14.0
33.15,10.0
33.16,25.0
33.17,12.0
33.18,10.0
33.19,35.0
33.2,20.0
33.21,13.0
33.22,16.0
33.23,18.0
33.24,19.0
33.25,17.0
33.26,18.0
33.27,11.0
33.28,26.0
33.29,15.0
33.3,12.0
33.31,24.0
33.32,31.0
33.33,22.0
33.34,16.0
33.35,19.0
33.36,16.0
33.37,10.0
33.38,20.0
33.39,23.0
33.4,12.0
33.41,18.0
33.42,19.0
33.43,15.0
33.44,15.0
33.45,16.0
33.46,10.0
33.47,11.0
33.48,20.0
33.49,12.0
33.5,18.0
33.51,22.0
33.52,14.0
33.53,17.0
33.54,13.0
33.55,25.0
33.56,17.0
33.57,16.0
33.58,21.0
33.59,19.0
33.6,19.0
33.61,13.0
33.62,16.0
33.63,18.0
33.64,23.0
33.65,19.0
33.66,25.0
33.67,21.0
33.68,19.0
33.69,13.0
33.7,25.0
33.71,25.0
33.72,26.0
33.73,20.0
33.74,22.0
33.75,21.0
33.76,18.0
33.77,21.0
33.78,16.0
33.79,21.0
33.8,21.0
33.81,23.0
33.82,20.0
33.83,19.0
33.84,24.0
33.85,25.0
33.86,13.0
33.87,22.0
33.88,19.0
33.89,15.0
33.9,19.0
33.91,10.0
33.92,12.0
33.93,13.0
33.94,15.0
33.95,13.0
33.96,22.0
33.97,19.0
33.98,10.0
33.99,10.0
34.0,14.0
34.01,17.0
34.02,12.0
34.03,18.0
34.04,17.0
34.05,13.0
34.06,16.0
34.07,30.0
34.08,21.0
34.09,20.0
34.1,21.0
34.11,16.0
34.12,20.0
34.13,14.0
34.14,14.0
34.15,16.0
34.16,15.0
34.17,23.0
34.18,14.0
34.19,21.0
34.2,24.0
34.21,25.0
34.22,18.0
34.23,14.0
34.24,13.0
34.25,21.0
34.26,19.0
34.27,15.0
34.28,13.0
34.29,21.0
34.3,15.0
34.31,20.0
34.32,12.0
34.33,21.0
34.34,11.0
34.35,23.0
34.36,12.0
34.37,19.0
34.38,25.0
34.39,17.0
34.4,10.0
34.41,20.0
34.42,29.0
34.43,14.0
34.44,20.0
34.45,20.0
34.46,13.0
34.47,14.0
34.48,13.0
34.49,12.0
34.5,14.0
34.51,13.0
34.52,18.0
34.53,16.0
34.54,23.0
34.55,16.0
34.56,23.0
34.57,11.0
34.58,22.0
34.59,19.0
34.6,16.0
34.61,25.0
34.62,14.0
34.63,24.0
34.64,17.0
34.65,17.0
34.66,14.0
34.67,30.0
34.68,17.0
34.69,26.0
34.7,19.0
34.71,21.0
34.72,17.0
34.73,20.0
34.74,19.0
34.75,22.0
34.76,14.0
34.77,17.0
34.78,21.0
34.79,20.0
34.8,21.0
34.81,21.0
34.82,30.0
34.83,14.0
34.84,17.0
34.85,18.0
34.86,13.0
34.87,19.0
34.88,20.0
34.89,14.0
34.9,20.0
34.91,23.0
34.92,24.0
34.93,27.0
34.94,17.0
34.95,24.0
34.96,21.0
34.97,11.0
34.98,19.0
34.99,17.0
35.0,29.0
35.01,17.0
35.02,16.0
35.03,19.0
35.04,15.0
35.05,22.0
35.06,12.0
35.07,16.0
35.08,20.0
35.09,28.0
35.1,14.0
35.11,23.0
35.12,17.0
35.13,16.0
35.14,23.0
35.15,16.0
35.16,21.0
35.17,27.0
35.18,34.0
35.19,23.0
35.2,17.0
35.21,28.0
35.22,25.0
35.23,36.0
35.24,41.0
35.25,40.0
35.26,32.0
35.27,43.0
35.28,53.0
35.29,46.0
35.3,44.0
35.31,51.0
35.32,38.0
35.33,32.0
35.34,45.0
35.35,46.0
35.36,54.0
35.37,54.0
35.38,46.0
35.39,47.0
35.4,38.0
35.41,36.0
35.42,34.0
35.43,35.0
35.44,25.0
35.45,34.0
35.46,29.0
35.47,23.0
35.48,34.0
35.49,14.0
35.5,22.0
35.51,32.0
35.52,20.0
35.53,27.0
35.54,22.0
35.55,15.0
35.56,18.0
35.57,13.0
35.58,18.0
35.59,21.0
35.6,29.0
35.61,14.0
35.62,25.0
35.63,13.0
35.64,26.0
35.65,22.0
35.66,22.0
35.67,22.0
35.68,14.0
35.69,23.0
35.7,21.0
35.71,19.0
35.72,24.0
35.73,20.0
35.74,17.0
35.75,26.0
35.76,20.0
35.77,34.0
35.78,23.0
35.79,19.0
35.8,13.0
35.81,13.0
35.82,25.0
35.83,28.0
35.84,24.0
35.85,28.0
35.86,21.0
35.87,38.0
35.88,25.0
35.89,30.0
35.9,32.0
35.91,44.0
35.92,49.0
35.93,62.0
35.94,68.0
35.95,70.0
35.96,78.0
35.97,61.0
35.98,64.0
35.99,64.0
36.0,38.0
36.01,45.0
36.02,49.0
36.03,54.0
36.04,55.0
36.05,56.0
36.06,53.0
36.07,37.0
36.08,43.0
36.09,44.0
36.1,34.0
36.11,41.0
36.12,21.0
36.13,35.0
36.14,32.0
36.15,28.0
36.16,31.0
36.17,24.0
36.18,20.0
36.19,24.0
36.2,25.0
36.21,18.0
36.22,23.0
36.23,19.0
36.24,20.0
36.25,25.0
36.26,25.0
36.27,16.0
36.28,33.0
36.29,29.0
36.3,18.0
36.31,22.0
36.32,12.0
36.33,20.0
36.34,19.0
36.35,19.0
36.36,13.0
36.37,17.0
36.38,18.0
36.39,15.0
36.4,12.0
36.41,18.0
36.42,17.0
36.43,21.0
36.44,15.0
36.45,18.0
36.46,10.0
36.47,18.0
36.48,12.0
36.49,19.0
36.5,18.0
36.51,19.0
36.52,18.0
36.53,13.0
36.54,18.0
36.55,20.0
36.56,17.0
36.57,21.0
36.58,17.0
36.59,20.0
36.6,14.0
36.61,12.0
36.62,22.0
36.63,17.0
36.64,30.0
36.65,25.0
36.66,15.0
36.67,27.0
36.68,18.0
36.69,23.0
36.7,18.0
36.71,19.0
36.72,17.0
36.73,24.0
36.74,21.0
36.75,18.0
36.76,19.0
36.77,17.0
36.78,12.0
36.79,20.0
36.8,16.0
36.81,16.0
36.82,13.0
36.83,19.0
36.84,15.0
36.85,23.0
36.86,11.0
36.87,21.0
36.88,23.0
36.89,20.0
36.9,14.0
36.91,18.0
36.92,21.0
36.93,15.0
36.94,12.0
36.95,18.0
36.96,23.0
36.97,21.0
36.98,9.0
36.99,10.0
37.0,16.0
37.01,22.0
37.02,15.0
37.03,22.0
37.04,15.0
37.05,18.0
37.06,17.0
37.07,28.0
37.08,22.0
37.09,13.0
37.1,18.0
37.11,10.0
37.12,10.0
37.13,21.0
37.14,17.0
37.15,18.0
37.16,14.0
37.17,13.0
37.18,19.0
37.19,21.0
37.2,17.0
37.21,18.0
37.22,23.0
37.23,14.0
37.24,22.0
37.25,20.0
37.26,19.0
37.27,18.0
37.28,19.0
37.29,21.0
37.3,21.0
37.31,15.0
37.32,13.0
37.33,22.0
37.34,19.0
37.35,17.0
37.36,20.0
37.37,19.0
37.38,16.0
37.39,14.0
37.4,16.0
37.41,19.0
37.42,26.0
37.43,20.0
37.44,10.0
37.45,13.0
37.46,15.0
37.47,22.0
37.48,8.0
37.49,17.0
37.5,20.0
37.51,14.0
37.52,19.0
37.53,18.0
37.54,19.0
37.55,22.0
37.56,18.0
37.57,16.0
37.58,26.0
37.59,23.0
37.6,20.0
37.61,29.0
37.62,23.0
37.63,26.0
37.64,37.0
37.65,24.0
37.66,26.0
37.67,29.0
37.68,31.0
37.69,32.0
37.7,34.0
37.71,31.0
37.72,45.0
37.73,42.0
37.74,46.0
37.75,45.0
37.76,45.0
37.77,46.0
37.78,59.0
37.79,38.0
37.8,44.0
37.81,53.0
37.82,54.0
37.83,44.0
37.84,29.0
37.85,34.0
37.86,28.0
37.87,36.0
37.88,36.0
37.89,29.0
37.9,25.0
37.91,25.0
37.92,26.0
37.93,28.0
37.94,25.0
37.95,24.0
37.96,14.0
37.97,29.0
37.98,25.0
37.99,20.0
38.0,27.0
38.01,23.0
38.02,13.0
38.03,17.0
38.04,24.0
38.05,24.0
38.06,20.0
38.07,19.0
38.08,24.0
38.09,21.0
38.1,26.0
38.11,12.0
38.12,24.0
38.13,14.0
38.14,23.0
38.15,30.0
38.16,15.0
38.17,26.0
38.18,27.0
38.19,11.0
38.2,19.0
38.21,24.0
38.22,16.0
38.23,16.0
38.24,15.0
38.25,9.0
38.26,17.0
38.27,18.0
38.28,18.0
38.29,19.0
38.3,23.0
38.31,20.0
38.32,23.0
38.33,19.0
38.34,20.0
38.35,18.0
38.36,22.0
38.37,19.0
38.38,13.0
38.39,11.0
38.4,9.0
38.41,19.0
38.42,17.0
38.43,12.0
38.44,17.0
38.45,22.0
38.46,18.0
38.47,16.0
38.48,27.0
38.49,18.0
38.5,18.0
38.51,24.0
38.52,15.0
38.53,23.0
38.54,13.0
38.55,16.0
38.56,20.0
38.57,13.0
38.58,18.0
38.59,19.0
38.6,14.0
38.61,14.0
38.62,18.0
38.63,19.0
38.64,20.0
38.65,15.0
38.66,21.0
38.67,8.0
38.68,21.0
38.69,16.0
38.7,23.0
38.71,17.0
38.72,21.0
38.73,16.0
38.74,18.0
38.75,14.0
38.76,9.0
38.77,26.0
38.78,20.0
38.79,12.0
38.8,15.0
38.81,20.0
38.82,19.0
38.83,14.0
38.84,16.0
38.85,19.0
38.86,15.0
38.87,18.0
38.88,24.0
38.89,32.0
38.9,22.0
38.91,18.0
38.92,13.0
38.93,17.0
38.94,19.0
38.95,24.0
38.96,15.0
38.97,13.0
38.98,12.0
38.99,13.0
39.0,17.0
39.01,15.0
39.02,20.0
39.03,23.0
39.04,18.0
39.05,17.0
39.06,15.0
39.07,18.0
39.08,18.0
39.09,24.0
39.1,17.0
39.11,15.0
39.12,14.0
39.13,24.0
39.14,16.0
39.15,17.0
39.16,16.0
39.17,14.0
39.18,24.0
39.19,21.0
39.2,22.0
39.21,16.0
39.22,13.0
39.23,17.0
39.24,15.0
39.25,16.0
39.26,16.0
39.27,19.0
39.28,19.0
39.29,12.0
39.3,16.0
39.31,21.0
39.32,26.0
39.33,17.0
39.34,14.0
39.35,19.0
39.36,23.0
39.37,18.0
39.38,19.0
39.39,18.0
39.4,13.0
39.41,19.0
39.42,16.0
39.43,22.0
39.44,19.0
39.45,23.0
39.46,19.0
39.47,27.0
39.48,29.0
39.49,21.0
39.5,22.0
39.51,15.0
39.52,16.0
39.53,18.0
39.54,14.0
39.55,15.0
39.56,19.0
39.57,17.0
39.58,19.0
39.59,28.0
39.6,11.0
39.61,21.0
39.62,15.0
39.63,15.0
39.64,24.0
39.65,20.0
39.66,12.0
39.67,23.0
39.68,18.0
39.69,14.0
39.7,14.0
39.71,21.0
39.72,18.0
39.73,15.0
39.74,15.0
39.75,21.0
39.76,13.0
39.77,19.0
39.78,24.0
39.79,15.0
39.8,24.0
39.81,13.0
39.82,15.0
39.83,23.0
39.84,16.0
39.85,25.0
39.86,20.0
39.87,17.0
39.88,13.0
39.89,17.0
39.9,23.0
39.91,17.0
39.92,22.0
39.93,15.0
39.94,21.0
39.95,17.0
39.96,22.0
39.97,15.0
39.98,20.0
39.99,27.0
40.0,15.0
40.01,17.0
40.02,21.0
40.03,23.0
40.04,12.0
40.05,29.0
40.06,17.0
40.07,26.0
40.08,13.0
40.09,19.0
40.1,25.0
40.11,19.0
40.12,13.0
40.13,8.0
40.14,29.0
40.15,20.0
40.16,22.0
40.17,34.0
40.18,27.0
40.19,23.0
40.2,23.0
40.21,31.0
40.22,27.0
40.23,35.0
40.24,31.0
40.25,29.0
40.26,25.0
40.27,25.0
40.28,29.0
40.29,28.0
40.3,22.0
40.31,23.0
40.32,27.0
40.33,26.0
40.34,25.0
40.35,24.0
40.36,22.0
40.37,17.0
40.38,25.0
40.39,12.0
40.4,16.0
40.41,22.0
40.42,14.0
40.43,18.0
40.44,16.0
40.45,25.0
40.46,29.0
40.47,21.0
40.48,26.0
40.49,21.0
40.5,22.0
40.51,25.0
40.52,19.0
40.53,19.0
40.54,16.0
40.55,16.0
40.56,15.0
40.57,23.0
40.58,25.0
40.59,17.0
40.6,18.0
40.61,17.0
40.62,22.0
40.63,15.0
40.64,19.0
40.65,19.0
40.66,24.0
40.67,31.0
40.68,18.0
40.69,22.0
40.7,20.0
40.71,32.0
40.72,31.0
40.73,28.0
40.74,31.0
40.75,42.0
40.76,33.0
40.77,50.0
40.78,55.0
40.79,66.0
40.8,44.0
40.81,41.0
40.82,47.0
40.83,37.0
40.84,32.0
40.85,35.0
40.86,31.0
40.87,44.0
40.88,38.0
40.89,25.0
40.9,34.0
40.91,32.0
40.92,26.0
40.93,32.0
40.94,27.0
40.95,21.0
40.96,23.0
40.97,24.0
40.98,24.0
40.99,16.0
41.0,18.0
41.01,21.0
41.02,19.0
41.03,18.0
41.04,15.0
41.05,32.0
41.06,27.0
41.07,17.0
41.08,15.0
41.09,17.0
41.1,12.0
41.11,15.0
41.12,17.0
41.13,24.0
41.14,13.0
41.15,19.0
41.16,17.0
41.17,18.0
41.18,14.0
41.19,25.0
41.2,19.0
41.21,22.0
41.22,24.0
41.23,15.0
41.24,15.0
41.25,23.0
41.26,14.0
41.27,26.0
41.28,17.0
41.29,18.0
41.3,19.0
41.31,16.0
41.32,20.0
41.33,24.0
41.34,17.0
41.35,23.0
41.36,20.0
41.37,18.0
41.38,15.0
41.39,16.0
41.4,15.0
41.41,18.0
41.42,15.0
41.43,21.0
41.44,13.0
41.45,29.0
41.46,14.0
41.47,18.0
41.48,18.0
41.49,16.0
41.5,18.0
41.51,16.0
41.52,16.0
41.53,15.0
41.54,14.0
41.55,13.0
41.56,20.0
41.57,24.0
41.58,11.0
41.59,10.0
41.6,15.0
41.61,12.0
41.62,23.0
41.63,14.0
41.64,17.0
41.65,21.0
41.66,19.0
41.67,20.0
41.68,20.0
41.69,12.0
41.7,16.0
41.71,19.0
41.72,13.0
41.73,18.0
41.74,13.0
41.75,20.0
41.76,22.0
41.77,19.0
41.78,18.0
41.79,20.0
41.8,16.0
41.81,17.0
41.82,20.0
41.83,19.0
41.84,26.0
41.85,16.0
41.86,22.0
41.87,22.0
41.88,24.0
41.89,19.0
41.9,15.0
41.91,18.0
41.92,24.0
41.93,23.0
41.94,23.0
41.95,23.0
41.96,20.0
41.97,19.0
41.98,22.0
41.99,17.0
42.0,16.0
42.01,21.0
42.02,19.0
42.03,20.0
42.04,16.0
42.05,15.0
42.06,13.0
42.07,17.0
42.08,15.0
42.09,18.0
42.1,17.0
42.11,16.0
42.12,14.0
42.13,19.0
42.14,13.0
42.15,18.0
42.16,17.0
42.17,24.0
42.18,17.0
42.19,11.0
42.2,16.0
42.21,12.0
42.22,10.0
42.23,20.0
42.24,14.0
42.25,14.0
42.26,19.0
42.27,21.0
42.28,21.0
42.29,15.0
42.3,14.0
42.31,19.0
42.32,13.0
42.33,24.0
42.34,16.0
42.35,20.0
42.36,22.0
42.37,12.0
42.38,16.0
42.39,22.0
42.4,23.0
42.41,16.0
42.42,20.0
42.43,16.0
42.44,21.0
42.45,22.0
42.46,12.0
42.47,20.0
42.48,20.0
42.49,18.0
42.5,11.0
42.51,10.0
42.52,15.0
42.53,20.0
42.54,20.0
42.55,21.0
42.56,23.0
42.57,15.0
42.58,11.0
42.59,26.0
42.6,15.0
42.61,19.0
42.62,21.0
42.63,18.0
42.64,22.0
42.65,19.0
42.66,27.0
42.67,24.0
42.68,29.0
42.69,22.0
42.7,17.0
42.71,9.0
42.72,28.0
42.73,19.0
42.74,21.0
42.75,16.0
42.76,13.0
42.77,11.0
42.78,20.0
42.79,17.0
42.8,19.0
42.81,22.0
42.82,21.0
42.83,18.0
42.84,16.0
42.85,20.0
42.86,13.0
42.87,11.0
42.88,21.0
42.89,12.0
42.9,20.0
42.91,18.0
42.92,24.0
42.93,11.0
42.94,20.0
42.95,17.0
42.96,17.0
42.97,23.0
42.98,14.0
42.99,23.0
43.0,23.0
43.01,19.0
43.02,26.0
43.03,19.0
43.04,10.0
43.05,22.0
43.06,23.0
43.07,18.0
43.08,29.0
43.09,20.0
43.1,23.0
43.11,27.0
43.12,22.0
43.13,25.0
43.14,16.0
43.15,14.0
43.16,19.0
43.17,18.0
43.18,34.0
43.19,18.0
43.2,23.0
43.21,26.0
43.22,29.0
43.23,24.0
43.24,27.0
43.25,32.0
43.26,36.0
43.27,43.0
43.28,45.0
43.29,39.0
43.3,59.0
43.31,53.0
43.32,43.0
43.33,52.0
43.34,52.0
43.35,40.0
43.36,27.0
43.37,37.0
43.38,42.0
43.39,43.0
43.4,39.0
43.41,28.0
43.42,32.0
43.43,37.0
43.44,33.0
43.45,27.0
43.46,30.0
43.47,17.0
43.48,30.0
43.49,27.0
43.5,38.0
43.51,28.0
43.52,33.0
43.53,19.0
43.54,13.0
43.55,21.0
43.56,21.0
43.57,27.0
43.58,22.0
43.59,14.0
43.6,27.0
43.61,27.0
43.62,23.0
43.63,17.0
43.64,37.0
43.65,15.0
43.66,20.0
43.67,23.0
43.68,33.0
43.69,21.0
43.7,22.0
43.71,30.0
43.72,12.0
43.73,18.0
43.74,16.0
43.75,30.0
43.76,22.0
43.77,18.0
43.78,27.0
43.79,15.0
43.8,18.0
43.81,16.0
43.82,31.0
43.83,17.0
43.84,20.0
43.85,12.0
43.86,18.0
43.87,21.0
43.88,16.0
43.89,19.0
43.9,14.0
43.91,16.0
43.92,22.0
43.93,18.0
43.94,18.0
43.95,21.0
43.96,16.0
43.97,27.0
43.98,26.0
43.99,14.0
44.0,14.0
44.01,25.0
44.02,19.0
44.03,14.0
44.04,23.0
44.05,14.0
44.06,18.0
44.07,14.0
44.08,21.0
44.09,24.0
44.1,19.0
44.11,18.0
44.12,24.0
44.13,20.0
44.14,21.0
44.15,21.0
44.16,20.0
44.17,17.0
44.18,21.0
44.19,30.0
44.2,22.0
44.21,24.0
44.22,23.0
44.23,21.0
44.24,30.0
44.25,18.0
44.26,27.0
44.27,23.0
44.28,20.0
44.29,22.0
44.3,21.0
44.31,23.0
44.32,19.0
44.33,20.0
44.34,34.0
44.35,26.0
44.36,26.0
44.37,22.0
44.38,17.0
44.39,20.0
44.4,15.0
44.41,23.0
44.42,20.0
44.43,17.0
44.44,20.0
44.45,17.0
44.46,19.0
44.47,30.0
44.48,17.0
44.49,25.0
44.5,13.0
44.51,17.0
44.52,15.0
44.53,12.0
44.54,23.0
44.55,15.0
44.56,22.0
44.57,19.0
44.58,17.0
44.59,20.0
44.6,15.0
44.61,13.0
44.62,24.0
44.63,16.0
44.64,11.0
44.65,25.0
44.66,10.0
44.67,26.0
44.68,19.0
44.69,21.0
44.7,20.0
44.71,23.0
44.72,26.0
44.73,11.0
44.74,20.0
44.75,22.0
44.76,11.0
44.77,16.0
44.78,17.0
44.79,22.0
44.8,22.0
44.81,21.0
44.82,17.0
44.83,23.0
44.84,21.0
44.85,22.0
44.86,21.0
44.87,21.0
44.88,15.0
44.89,20.0
44.9,18.0
44.91,18.0
44.92,20.0
44.93,7.0
44.94,14.0
44.95,17.0
44.96,20.0
44.97,15.0
44.98,25.0
44.99,17.0
45.0,27.0
45.01,14.0
45.02,14.0
45.03,18.0
45.04,23.0
45.05,20.0
45.06,19.0
45.07,21.0
45.08,21.0
45.09,11.0
45.1,25.0
45.11,19.0
45.12,17.0
45.13,17.0
45.14,26.0
45.15,20.0
45.16,21.0
45.17,20.0
45.18,20.0
45.19,18.0
45.2,19.0
45.21,18.0
45.22,13.0
45.23,22.0
45.24,16.0
45.25,25.0
45.26,24.0
45.27,16.0
45.28,18.0
45.29,23.0
45.3,21.0
45.31,20.0
45.32,19.0
45.33,22.0
45.34,20.0
45.35,17.0
45.36,20.0
45.37,22.0
45.38,11.0
45.39,20.0
45.4,15.0
45.41,19.0
45.42,18.0
45.43,16.0
45.44,24.0
45.45,16.0
45.46,13.0
45.47,23.0
45.48,18.0
45.49,17.0
45.5,33.0
45.51,15.0
45.52,14.0
45.53,15.0
45.54,23.0
45.55,23.0
45.56,25.0
45.57,20.0
45.58,17.0
45.59,24.0
45.6,17.0
45.61,15.0
45.62,23.0
45.63,26.0
45.64,23.0
45.65,15.0
45.66,20.0
45.67,14.0
45.68,24.0
45.69,11.0
45.7,19.0
45.71,19.0
45.72,21.0
45.73,19.0
45.74,12.0
45.75,21.0
45.76,18.0
45.77,14.0
45.78,22.0
45.79,17.0
45.8,21.0
45.81,22.0
45.82,25.0
45.83,13.0
45.84,16.0
45.85,30.0
45.86,15.0
45.87,15.0
45.88,15.0
45.89,17.0
45.9,23.0
45.91,23.0
45.92,19.0
45.93,16.0
45.94,23.0
45.95,25.0
45.96,14.0
45.97,12.0
45.98,20.0
45.99,21.0
46.0,19.0
46.01,27.0
46.02,17.0
46.03,14.0
46.04,9.0
46.05,13.0
46.06,24.0
46.07,23.0
46.08,15.0
46.09,20.0
46.1,20.0
46.11,17.0
46.12,16.0
46.13,22.0
46.14,18.0
46.15,19.0
46.16,20.0
46.17,15.0
46.18,17.0
46.19,20.0
46.2,16.0
46.21,13.0
46.22,22.0
46.23,21.0
46.24,16.0
46.25,16.0
46.26,15.0
46.27,20.0
46.28,26.0
46.29,17.0
46.3,24.0
46.31,19.0
46.32,11.0
46.33,16.0
46.34,13.0
46.35,8.0
46.36,17.0
46.37,21.0
46.38,31.0
46.39,23.0
46.4,22.0
46.41,17.0
46.42,24.0
46.43,14.0
46.44,27.0
46.45,15.0
46.46,22.0
46.47,26.0
46.48,21.0
46.49,13.0
46.5,20.0
46.51,21.0
46.52,18.0
46.53,21.0
46.54,22.0
46.55,7.0
46.56,21.0
46.57,20.0
46.58,18.0
46.59,15.0
46.6,17.0
46.61,22.0
46.62,14.0
46.63,19.0
46.64,17.0
46.65,21.0
46.66,20.0
46.67,21.0
46.68,15.0
46.69,20.0
46.7,17.0
46.71,21.0
46.72,21.0
46.73,22.0
46.74,17.0
46.75,28.0
46.76,24.0
46.77,20.0
46.78,19.0
46.79,18.0
46.8,24.0
46.81,14.0
46.82,16.0
46.83,23.0
46.84,22.0
46.85,25.0
46.86,19.0
46.87,15.0
46.88,16.0
46.89,13.0
46.9,14.0
46.91,15.0
46.92,16.0
46.93,12.0
46.94,17.0
46.95,17.0
46.96,17.0
46.97,17.0
46.98,23.0
46.99,20.0
47.0,25.0
47.01,18.0
47.02,23.0
47.03,18.0
47.04,17.0
47.05,25.0
47.06,14.0
47.07,17.0
47.08,25.0
47.09,16.0
47.1,25.0
47.11,13.0
47.12,16.0
47.13,23.0
47.14,16.0
47.15,12.0
47.16,23.0
47.17,22.0
47.18,28.0
47.19,11.0
47.2,17.0
47.21,26.0
47.22,22.0
47.23,14.0
47.24,26.0
47.25,21.0
47.26,21.0
47.27,27.0
47.28,22.0
47.29,18.0
47.3,16.0
47.31,19.0
47.32,12.0
47.33,14.0
47.34,16.0
47.35,26.0
47.36,16.0
47.37,18.0
47.38,22.0
47.39,18.0
47.4,22.0
47.41,24.0
47.42,16.0
47.43,25.0
47.44,21.0
47.45,20.0
47.46,13.0
47.47,25.0
47.48,17.0
47.49,16.0
47.5,22.0
47.51,24.0
47.52,23.0
47.53,28.0
47.54,21.0
47.55,26.0
47.56,21.0
47.57,20.0
47.58,25.0
47.59,19.0
47.6,22.0
47.61,29.0
47.62,30.0
47.63,15.0
47.64,25.0
47.65,22.0
47.66,26.0
47.67,35.0
47.68,28.0
47.69,29.0
47.7,20.0
47.71,28.0
47.72,28.0
47.73,29.0
47.74,35.0
47.75,32.0
47.76,23.0
47.77,53.0
47.78,36.0
47.79,54.0
47.8,49.0
47.81,50.0
47.82,44.0
47.83,41.0
47.84,34.0
47.85,28.0
47.86,30.0
47.87,30.0
47.88,35.0
47.89,34.0
47.9,42.0
47.91,45.0
47.92,29.0
47.93,37.0
47.94,33.0
47.95,31.0
47.96,37.0
47.97,38.0
47.98,32.0
47.99,20.0
48.0,21.0
48.01,24.0
48.02,17.0
48.03,20.0
48.04,21.0
48.05,26.0
48.06,31.0
48.07,31.0
48.08,24.0
48.09,24.0
48.1,17.0
48.11,22.0
48.12,21.0
48.13,21.0
48.14,22.0
48.15,22.0
48.16,19.0
48.17,23.0
48.18,20.0
48.19,22.0
48.2,21.0
48.21,23.0
48.22,21.0
48.23,13.0
48.24,20.0
48.25,24.0
48.26,20.0
48.27,22.0
48.28,25.0
48.29,13.0
48.3,16.0
48.31,15.0
48.32,19.0
48.33,24.0
48.34,17.0
48.35,15.0
48.36,13.0
48.37,24.0
48.38,23.0
48.39,15.0
48.4,22.0
48.41,24.0
48.42,12.0
48.43,17.0
48.44,21.0
48.45,12.0
48.46,19.0
48.47,21.0
48.48,13.0
48.49,13.0
48.5,20.0
48.51,15.0
48.52,17.0
48.53,17.0
48.54,18.0
48.55,20.0
48.56,11.0
48.57,14.0
48.58,20.0
48.59,32.0
48.6,24.0
48.61,16.0
48.62,17.0
48.63,20.0
48.64,24.0
48.65,18.0
48.66,20.0
48.67,24.0
48.68,15.0
48.69,21.0
48.7,16.0
48.71,16.0
48.72,13.0
48.73,23.0
48.74,14.0
48.75,25.0
48.76,23.0
48.77,15.0
48.78,22.0
48.79,23.0
48.8,16.0
48.81,14.0
48.82,24.0
48.83,22.0
48.84,25.0
48.85,20.0
48.86,17.0
48.87,19.0
48.88,25.0
48.89,18.0
48.9,21.0
48.91,16.0
48.92,21.0
48.93,17.0
48.94,22.0
48.95,19.0
48.96,20.0
48.97,19.0
48.98,19.0
48.99,25.0
49.0,20.0
49.01,17.0
49.02,24.0
49.03,21.0
49.04,15.0
49.05,22.0
49.06,22.0
49.07,14.0
49.08,21.0
49.09,11.0
49.1,13.0
49.11,21.0
49.12,20.0
49.13,14.0
49.14,10.0
49.15,18.0
49.16,27.0
49.17,13.0
49.18,15.0
49.19,18.0
49.2,19.0
49.21,21.0
49.22,20.0
49.23,18.0
49.24,16.0
49.25,21.0
49.26,24.0
49.27,14.0
49.28,16.0
49.29,21.0
49.3,20.0
49.31,23.0
49.32,18.0
49.33,27.0
49.34,20.0
49.35,20.0
49.36,19.0
49.37,22.0
49.38,13.0
49.39,17.0
49.4,17.0
49.41,19.0
49.42,24.0
49.43,15.0
49.44,21.0
49.45,21.0
49.46,13.0
49.47,20.0
49.48,19.0
49.49,22.0
49.5,26.0
49.51,24.0
49.52,30.0
49.53,23.0
49.54,23.0
49.55,18.0
49.56,23.0
49.57,38.0
49.58,19.0
49.59,18.0
49.6,31.0
49.61,23.0
49.62,24.0
49.63,31.0
49.64,26.0
49.65,29.0
49.66,48.0
49.67,40.0
49.68,42.0
49.69,42.0
49.7,60.0
49.71,46.0
49.72,52.0
49.73,58.0
49.74,40.0
49.75,54.0
49.76,35.0
49.77,39.0
49.78,52.0
49.79,24.0
49.8,36.0
49.81,38.0
49.82,38.0
49.83,37.0
49.84,43.0
49.85,37.0
49.86,40.0
49.87,36.0
49.88,22.0
49.89,36.0
49.9,29.0
49.91,22.0
49.92,28.0
49.93,19.0
49.94,17.0
49.95,28.0
49.96,29.0
49.97,13.0
49.98,23.0
49.99,17.0
50.0,22.0
50.01,31.0
50.02,18.0
50.03,23.0
50.04,23.0
50.05,25.0
50.06,23.0
50.07,15.0
50.08,22.0
50.09,29.0
50.1,22.0
50.11,22.0
50.12,20.0
50.13,18.0
50.14,19.0
50.15,28.0
50.16,23.0
50.17,16.0
50.18,25.0
50.19,17.0
50.2,26.0
50.21,22.0
50.22,10.0
50.23,19.0
50.24,23.0
50.25,15.0
50.26,15.0
50.27,29.0
50.28,20.0
50.29,13.0
50.3,28.0
50.31,20.0
50.32,25.0
50.33,18.0
50.34,17.0
50.35,27.0
50.36,24.0
50.37,26.0
50.38,18.0
50.39,20.0
50.4,20.0
50.41,19.0
50.42,18.0
50.43,19.0
50.44,18.0
50.45,23.0
50.46,19.0
50.47,27.0
50.48,24.0
50.49,32.0
50.5,23.0
50.51,13.0
50.52,26.0
50.53,17.0
50.54,21.0
50.55,19.0
50.56,22.0
50.57,16.0
50.58,31.0
50.59,18.0
50.6,22.0
50.61,22.0
50.62,21.0
50.63,20.0
50.64,21.0
50.65,34.0
50.66,16.0
50.67,20.0
50.68,21.0
50.69,36.0
50.7,23.0
50.71,20.0
50.72,22.0
50.73,15.0
50.74,28.0
50.75,22.0
50.76,22.0
50.77,28.0
50.78,27.0
50.79,19.0
50.8,28.0
50.81,25.0
50.82,19.0
50.83,27.0
50.84,29.0
50.85,21.0
50.86,17.0
50.87,21.0
50.88,13.0
50.89,13.0
50.9,18.0
50.91,20.0
50.92,22.0
50.93,20.0
50.94,24.0
50.95,17.0
50.96,21.0
50.97,17.0
50.98,14.0
50.99,24.0
51.0,20.0
51.01,25.0
51.02,26.0
51.03,28.0
51.04,33.0
51.05,17.0
51.06,17.0
51.07,22.0
51.08,23.0
51.09,16.0
51.1,26.0
51.11,19.0
51.12,20.0
51.13,25.0
51.14,18.0
51.15,24.0
51.16,21.0
51.17,26.0
51.18,25.0
51.19,29.0
51.2,27.0
51.21,16.0
51.22,25.0
51.23,35.0
51.24,28.0
51.25,23.0
51.26,19.0
51.27,22.0
51.28,22.0
51.29,30.0
51.3,28.0
51.31,23.0
51.32,29.0
51.33,30.0
51.34,32.0
51.35,31.0
51.36,27.0
51.37,42.0
51.38,41.0
51.39,46.0
51.4,40.0
51.41,53.0
51.42,53.0
51.43,63.0
51.44,65.0
51.45,76.0
51.46,56.0
51.47,64.0
51.48,72.0
51.49,66.0
51.5,58.0
51.51,50.0
51.52,53.0
51.53,57.0
51.54,61.0
51.55,37.0
51.56,45.0
51.57,64.0
51.58,60.0
51.59,37.0
51.6,32.0
51.61,60.0
51.62,48.0
51.63,44.0
51.64,34.0
51.65,39.0
51.66,34.0
51.67,31.0
51.68,27.0
51.69,24.0
51.7,23.0
51.71,42.0
51.72,27.0
51.73,29.0
51.74,24.0
51.75,36.0
51.76,28.0
51.77,25.0
51.78,24.0
51.79,16.0
51.8,30.0
51.81,22.0
51.82,31.0
51.83,18.0
51.84,31.0
51.85,18.0
51.86,29.0
51.87,29.0
51.88,15.0
51.89,16.0
51.9,26.0
51.91,33.0
51.92,27.0
51.93,24.0
51.94,16.0
51.95,29.0
51.96,22.0
51.97,19.0
51.98,20.0
51.99,21.0
52.0,35.0
52.01,22.0
52.02,21.0
52.03,19.0
52.04,25.0
52.05,17.0
52.06,25.0
52.07,21.0
52.08,24.0
52.09,21.0
52.1,28.0
52.11,26.0
52.12,16.0
52.13,34.0
52.14,19.0
52.15,25.0
52.16,26.0
52.17,24.0
52.18,22.0
52.19,20.0
52.2,17.0
52.21,24.0
52.22,24.0
52.23,15.0
52.24,23.0
52.25,19.0
52.26,17.0
52.27,15.0
52.28,19.0
52.29,18.0
52.3,24.0
52.31,26.0
52.32,35.0
52.33,27.0
52.34,24.0
52.35,34.0
52.36,19.0
52.37,34.0
52.38,31.0
52.39,14.0
52.4,30.0
52.41,26.0
52.42,28.0
52.43,25.0
52.44,25.0
52.45,29.0
52.46,29.0
52.47,20.0
52.48,37.0
52.49,28.0
52.5,31.0
52.51,32.0
52.52,31.0
52.53,32.0
52.54,37.0
52.55,45.0
52.56,41.0
52.57,73.0
52.58,63.0
52.59,92.0
52.6,104.0
52.61,81.0
52.62,96.0
52.63,95.0
52.64,102.0
52.65,62.0
52.66,62.0
52.67,57.0
52.68,47.0
52.69,56.0
52.7,59.0
52.71,61.0
52.72,57.0
52.73,69.0
52.74,76.0
52.75,62.0
52.76,65.0
52.77,63.0
52.78,58.0
52.79,53.0
52.8,53.0
52.81,47.0
52.82,39.0
52.83,36.0
52.84,40.0
52.85,40.0
52.86,36.0
52.87,38.0
52.88,41.0
52.89,37.0
52.9,52.0
52.91,36.0
52.92,33.0
52.93,36.0
52.94,49.0
52.95,42.0
52.96,38.0
52.97,44.0
52.98,52.0
52.99,52.0
53.0,48.0
53.01,61.0
53.02,61.0
53.03,74.0
53.04,82.0
53.05,91.0
53.06,102.0
53.07,107.0
53.08,120.0
53.09,156.0
53.1,153.0
53.11,137.0
53.12,142.0
53.13,109.0
53.14,108.0
53.15,99.0
53.16,91.0
53.17,77.0
53.18,80.0
53.19,81.0
53.2,72.0
53.21,79.0
53.22,86.0
53.23,80.0
53.24,85.0
53.25,84.0
53.26,98.0
53.27,96.0
53.28,61.0
53.29,66.0
53.3,41.0
53.31,53.0
53.32,32.0
53.33,33.0
53.34,39.0
53.35,41.0
53.36,37.0
53.37,29.0
53.38,38.0
53.39,26.0
53.4,23.0
53.41,30.0
53.42,20.0
53.43,26.0
53.44,25.0
53.45,28.0
53.46,26.0
53.47,20.0
53.48,28.0
53.49,20.0
53.5,27.0
53.51,30.0
53.52,29.0
53.53,24.0
53.54,21.0
53.55,22.0
53.56,27.0
53.57,24.0
53.58,19.0
53.59,18.0
53.6,28.0
53.61,23.0
53.62,24.0
53.63,22.0
53.64,18.0
53.65,24.0
53.66,25.0
53.67,19.0
53.68,26.0
53.69,22.0
53.7,21.0
53.71,24.0
53.72,26.0
53.73,22.0
53.74,21.0
53.75,22.0
53.76,25.0
53.77,27.0
53.78,15.0
53.79,21.0
53.8,19.0
53.81,25.0
53.82,23.0
53.83,15.0
53.84,22.0
53.85,15.0
53.86,26.0
53.87,23.0
53.88,26.0
53.89,29.0
53.9,16.0
53.91,24.0
53.92,19.0
53.93,21.0
53.94,32.0
53.95,28.0
53.96,30.0
53.97,18.0
53.98,18.0
53.99,27.0
54.0,24.0
54.01,14.0
54.02,25.0
54.03,18.0
54.04,25.0
54.05,22.0
54.06,24.0
54.07,19.0
54.08,21.0
54.09,28.0
54.1,22.0
54.11,21.0
54.12,22.0
54.13,27.0
54.14,21.0
54.15,25.0
54.16,19.0
54.17,17.0
54.18,19.0
54.19,23.0
54.2,21.0
54.21,26.0
54.22,20.0
54.23,23.0
54.24,14.0
54.25,27.0
54.26,20.0
54.27,18.0
54.28,23.0
54.29,23.0
54.3,23.0
54.31,22.0
54.32,14.0
54.33,28.0
54.34,24.0
54.35,18.0
54.36,24.0
54.37,21.0
54.38,20.0
54.39,26.0
54.4,19.0
54.41,17.0
54.42,14.0
54.43,24.0
54.44,18.0
54.45,21.0
54.46,26.0
54.47,21.0
54.48,22.0
54.49,23.0
54.5,19.0
54.51,18.0
54.52,25.0
54.53,19.0
54.54,15.0
54.55,22.0
54.56,15.0
54.57,22.0
54.58,22.0
54.59,19.0
54.6,24.0
54.61,19.0
54.62,25.0
54.63,22.0
54.64,16.0
54.65,30.0
54.66,23.0
54.67,18.0
54.68,18.0
54.69,31.0
54.7,26.0
54.71,21.0
54.72,19.0
54.73,27.0
54.74,25.0
54.75,31.0
54.76,28.0
54.77,29.0
54.78,34.0
54.79,23.0
54.8,22.0
54.81,12.0
54.82,17.0
54.83,23.0
54.84,28.0
54.85,25.0
54.86,19.0
54.87,23.0
54.88,25.0
54.89,23.0
54.9,17.0
54.91,12.0
54.92,21.0
54.93,29.0
54.94,20.0
54.95,18.0
54.96,17.0
54.97,17.0
54.98,21.0
54.99,24.0
55.0,16.0
55.01,13.0
55.02,21.0
55.03,22.0
55.04,13.0
55.05,23.0
55.06,26.0
55.07,26.0
55.08,27.0
55.09,16.0
55.1,19.0
55.11,23.0
55.12,20.0
55.13,14.0
55.14,23.0
55.15,24.0
55.16,18.0
55.17,18.0
55.18,14.0
55.19,24.0
55.2,7.0
55.21,12.0
55.22,21.0
55.23,27.0
55.24,14.0
55.25,19.0
55.26,23.0
55.27,15.0
55.28,18.0
55.29,17.0
55.3,20.0
55.31,22.0
55.32,22.0
55.33,22.0
55.34,21.0
55.35,23.0
55.36,22.0
55.37,17.0
55.38,19.0
55.39,18.0
55.4,22.0
55.41,21.0
55.42,18.0
55.43,20.0
55.44,24.0
55.45,26.0
55.46,15.0
55.47,20.0
55.48,23.0
55.49,26.0
55.5,25.0
55.51,18.0
55.52,14.0
55.53,21.0
55.54,32.0
55.55,22.0
55.56,22.0
55.57,25.0
55.58,25.0
55.59,12.0
55.6,18.0
55.61,24.0
55.62,22.0
55.63,24.0
55.64,23.0
55.65,13.0
55.66,25.0
55.67,22.0
55.68,19.0
55.69,25.0
55.7,17.0
55.71,22.0
55.72,11.0
55.73,15.0
55.74,23.0
55.75,14.0
55.76,16.0
55.77,18.0
55.78,24.0
55.79,19.0
55.8,26.0
55.81,15.0
55.82,28.0
55.83,24.0
55.84,22.0
55.85,19.0
55.86,20.0
55.87,19.0
55.88,27.0
55.89,20.0
55.9,11.0
55.91,25.0
55.92,18.0
55.93,21.0
55.94,28.0
55.95,23.0
55.96,25.0
55.97,25.0
55.98,16.0
55.99,19.0
56.0,17.0
56.01,18.0
56.02,21.0
56.03,20.0
56.04,14.0
56.05,27.0
56.06,10.0
56.07,25.0
56.08,17.0
56.09,24.0
56.1,12.0
56.11,29.0
56.12,21.0
56.13,17.0
56.14,14.0
56.15,24.0
56.16,23.0
56.17,13.0
56.18,20.0
56.19,19.0
56.2,25.0
56.21,17.0
56.22,25.0
56.23,21.0
56.24,18.0
56.25,20.0
56.26,28.0
56.27,18.0
56.28,26.0
56.29,15.0
56.3,24.0
56.31,20.0
56.32,20.0
56.33,26.0
56.34,19.0
56.35,24.0
56.36,18.0
56.37,16.0
56.38,23.0
56.39,21.0
56.4,16.0
56.41,15.0
56.42,30.0
56.43,16.0
56.44,16.0
56.45,23.0
56.46,23.0
56.47,19.0
56.48,22.0
56.49,16.0
56.5,22.0
56.51,22.0
56.52,21.0
56.53,20.0
56.54,21.0
56.55,9.0
56.56,19.0
56.57,18.0
56.58,18.0
56.59,15.0
56.6,19.0
56.61,15.0
56.62,23.0
56.63,25.0
56.64,27.0
56.65,20.0
56.66,21.0
56.67,15.0
56.68,25.0
56.69,15.0
56.7,19.0
56.71,21.0
56.72,29.0
56.73,20.0
56.74,29.0
56.75,24.0
56.76,19.0
56.77,21.0
56.78,30.0
56.79,15.0
56.8,17.0
56.81,26.0
56.82,20.0
56.83,25.0
56.84,19.0
56.85,23.0
56.86,18.0
56.87,21.0
56.88,18.0
56.89,29.0
56.9,16.0
56.91,22.0
56.92,36.0
56.93,21.0
56.94,29.0
56.95,28.0
56.96,19.0
56.97,12.0
56.98,22.0
56.99,26.0
57.0,19.0
57.01,20.0
57.02,16.0
57.03,22.0
57.04,24.0
57.05,23.0
57.06,29.0
57.07,28.0
57.08,25.0
57.09,22.0
57.1,30.0
57.11,22.0
57.12,14.0
57.13,29.0
57.14,22.0
57.15,25.0
57.16,22.0
57.17,26.0
57.18,27.0
57.19,23.0
57.2,27.0
57.21,25.0
57.22,22.0
57.23,24.0
57.24,19.0
57.25,24.0
57.26,21.0
57.27,25.0
57.28,29.0
57.29,16.0
57.3,18.0
57.31,18.0
57.32,22.0
57.33,27.0
57.34,21.0
57.35,23.0
57.36,17.0
57.37,24.0
57.38,19.0
57.39,28.0
57.4,19.0
57.41,27.0
57.42,11.0
57.43,23.0
57.44,18.0
57.45,26.0
57.46,28.0
57.47,28.0
57.48,18.0
57.49,14.0
57.5,24.0
57.51,23.0
57.52,15.0
57.53,26.0
57.54,19.0
57.55,19.0
57.56,21.0
57.57,18.0
57.58,27.0
57.59,24.0
57.6,23.0
57.61,17.0
57.62,13.0
57.63,14.0
57.64,18.0
57.65,20.0
57.66,14.0
57.67,19.0
57.68,22.0
57.69,29.0
57.7,23.0
57.71,14.0
57.72,25.0
57.73,24.0
57.74,12.0
57.75,28.0
57.76,21.0
57.77,17.0
57.78,17.0
57.79,18.0
57.8,11.0
57.81,21.0
57.82,18.0
57.83,15.0
57.84,23.0
57.85,24.0
57.86,22.0
57.87,25.0
57.88,21.0
57.89,23.0
57.9,17.0
57.91,17.0
57.92,31.0
57.93,21.0
57.94,27.0
57.95,16.0
57.96,28.0
57.97,25.0
57.98,28.0
57.99,14.0
58.0,14.0
58.01,18.0
58.02,24.0
58.03,27.0
58.04,19.0
58.05,19.0
58.06,17.0
58.07,14.0
58.08,15.0
58.09,23.0
58.1,25.0
58.11,27.0
58.12,16.0
58.13,20.0
58.14,20.0
58.15,23.0
58.16,27.0
58.17,20.0
58.18,20.0
58.19,19.0
58.2,19.0
58.21,20.0
58.22,10.0
58.23,20.0
58.24,17.0
58.25,14.0
58.26,23.0
58.27,20.0
58.28,28.0
58.29,19.0
58.3,19.0
58.31,26.0
58.32,25.0
58.33,28.0
58.34,21.0
58.35,18.0
58.36,18.0
58.37,16.0
58.38,21.0
58.39,27.0
58.4,19.0
58.41,17.0
58.42,23.0
58.43,20.0
58.44,16.0
58.45,17.0
58.46,19.0
58.47,21.0
58.48,23.0
58.49,21.0
58.5,24.0
58.51,16.0
58.52,21.0
58.53,18.0
58.54,19.0
58.55,19.0
58.56,34.0
58.57,25.0
58.58,22.0
58.59,22.0
58.6,26.0
58.61,18.0
58.62,16.0
58.63,21.0
58.64,26.0
58.65,22.0
58.66,15.0
58.67,16.0
58.68,18.0
58.69,26.0
58.7,28.0
58.71,17.0
58.72,22.0
58.73,24.0
58.74,23.0
58.75,21.0
58.76,16.0
58.77,26.0
58.78,23.0
58.79,25.0
58.8,17.0
58.81,16.0
58.82,20.0
58.83,23.0
58.84,25.0
58.85,20.0
58.86,14.0
58.87,26.0
58.88,16.0
58.89,14.0
58.9,25.0
58.91,20.0
58.92,13.0
58.93,27.0
58.94,21.0
58.95,18.0
58.96,20.0
58.97,18.0
58.98,25.0
58.99,30.0
59.0,18.0
59.01,17.0
59.02,22.0
59.03,19.0
59.04,30.0
59.05,8.0
59.06,14.0
59.07,21.0
59.08,16.0
59.09,19.0
59.1,29.0
59.11,18.0
59.12,22.0
59.13,17.0
59.14,20.0
59.15,23.0
59.16,16.0
59.17,21.0
59.18,28.0
59.19,19.0
59.2,20.0
59.21,21.0
59.22,18.0
59.23,25.0
59.24,25.0
59.25,31.0
59.26,12.0
59.27,13.0
59.28,29.0
59.29,18.0
59.3,17.0
59.31,23.0
59.32,19.0
59.33,20.0
59.34,12.0
59.35,20.0
59.36,15.0
59.37,13.0
59.38,19.0
59.39,23.0
59.4,24.0
59.41,19.0
59.42,20.0
59.43,21.0
59.44,30.0
59.45,15.0
59.46,27.0
59.47,20.0
59.48,17.0
59.49,21.0
59.5,21.0
59.51,21.0
59.52,31.0
59.53,15.0
59.54,22.0
59.55,19.0
59.56,27.0
59.57,22.0
59.58,19.0
59.59,31.0
59.6,20.0
59.61,16.0
59.62,22.0
59.63,24.0
59.64,26.0
59.65,32.0
59.66,25.0
59.67,24.0
59.68,16.0
59.69,19.0
59.7,22.0
59.71,23.0
59.72,25.0
59.73,28.0
59.74,27.0
59.75,21.0
59.76,19.0
59.77,28.0
59.78,21.0
59.79,25.0
59.8,13.0
59.81,17.0
59.82,26.0
59.83,17.0
59.84,22.0
59.85,26.0
59.86,27.0
59.87,25.0
59.88,18.0
59.89,26.0
59.9,23.0
59.91,33.0
59.92,26.0
59.93,17.0
59.94,24.0
59.95,31.0
59.96,23.0
59.97,15.0
59.98,24.0
59.99,34.0
60.0,37.0
60.01,41.0
60.02,43.0
60.03,52.0
60.04,40.0
60.05,36.0
60.06,40.0
60.07,52.0
60.08,34.0
60.09,37.0
60.1,44.0
60.11,51.0
60.12,55.0
60.13,41.0
60.14,48.0
60.15,42.0
60.16,51.0
60.17,46.0
60.18,33.0
60.19,36.0
60.2,42.0
60.21,45.0
60.22,44.0
60.23,50.0
60.24,38.0
60.25,37.0
60.26,32.0
60.27,35.0
60.28,47.0
60.29,33.0
60.3,33.0
60.31,34.0
60.32,34.0
60.33,33.0
60.34,42.0
60.35,26.0
60.36,42.0
60.37,25.0
60.38,31.0
60.39,23.0
60.4,35.0
60.41,27.0
60.42,24.0
60.43,26.0
60.44,31.0
60.45,23.0
60.46,34.0
60.47,31.0
60.48,29.0
60.49,27.0
60.5,23.0
60.51,22.0
60.52,36.0
60.53,21.0
60.54,23.0
60.55,23.0
60.56,23.0
60.57,25.0
60.58,23.0
60.59,15.0
60.6,22.0
60.61,18.0
60.62,23.0
60.63,20.0
60.64,22.0
60.65,16.0
60.66,28.0
60.67,23.0
60.68,24.0
60.69,16.0
60.7,20.0
60.71,30.0
60.72,26.0
60.73,17.0
60.74,19.0
60.75,26.0
60.76,18.0
60.77,18.0
60.78,23.0
60.79,21.0
60.8,19.0
60.81,22.0
60.82,16.0
60.83,27.0
60.84,19.0
60.85,23.0
60.86,27.0
60.87,17.0
60.88,27.0
60.89,27.0
60.9,13.0
60.91,31.0
60.92,20.0
60.93,24.0
60.94,20.0
60.95,27.0
60.96,23.0
60.97,23.0
60.98,21.0
60.99,30.0
61.0,27.0
61.01,20.0
61.02,23.0
61.03,24.0
61.04,29.0
61.05,21.0
61.06,17.0
61.07,26.0
61.08,24.0
61.09,18.0
61.1,23.0
61.11,20.0
61.12,14.0
61.13,25.0
61.14,29.0
61.15,28.0
61.16,21.0
61.17,26.0
61.18,20.0
61.19,20.0
61.2,30.0
61.21,16.0
61.22,20.0
61.23,25.0
61.24,28.0
61.25,27.0
61.26,23.0
61.27,12.0
61.28,20.0
61.29,21.0
61.3,13.0
61.31,18.0
61.32,19.0
61.33,27.0
61.34,24.0
61.35,24.0
61.36,20.0
61.37,19.0
61.38,18.0
61.39,19.0
61.4,22.0
61.41,27.0
61.42,17.0
61.43,22.0
61.44,16.0
61.45,23.0
61.46,26.0
61.47,30.0
61.48,25.0
61.49,19.0
61.5,24.0
61.51,33.0
61.52,18.0
61.53,26.0
61.54,24.0
61.55,17.0
61.56,18.0
61.57,25.0
61.58,23.0
61.59,26.0
61.6,19.0
61.61,25.0
61.62,24.0
61.63,33.0
61.64,17.0
61.65,26.0
61.66,19.0
61.67,21.0
61.68,21.0
61.69,19.0
61.7,21.0
61.71,17.0
61.72,29.0
61.73,12.0
61.74,28.0
61.75,22.0
61.76,17.0
61.77,21.0
61.78,12.0
61.79,18.0
61.8,26.0
61.81,26.0
61.82,20.0
61.83,29.0
61.84,20.0
61.85,27.0
61.86,22.0
61.87,29.0
61.88,23.0
61.89,15.0
61.9,22.0
61.91,16.0
61.92,20.0
61.93,23.0
61.94,26.0
61.95,25.0
61.96,18.0
61.97,16.0
61.98,20.0
61.99,30.0
62.0,21.0
62.01,27.0
62.02,23.0
62.03,25.0
62.04,19.0
62.05,19.0
62.06,21.0
62.07,16.0
62.08,20.0
62.09,27.0
62.1,33.0
62.11,26.0
62.12,26.0
62.13,21.0
62.14,20.0
62.15,27.0
62.16,23.0
62.17,21.0
62.18,13.0
62.19,18.0
62.2,25.0
62.21,24.0
62.22,29.0
62.23,26.0
62.24,16.0
62.25,29.0
62.26,23.0
62.27,24.0
62.28,33.0
62.29,32.0
62.3,30.0
62.31,22.0
62.32,27.0
62.33,34.0
62.34,31.0
62.35,22.0
62.36,32.0
62.37,29.0
62.38,33.0
62.39,35.0
62.4,42.0
62.41,48.0
62.42,44.0
62.43,49.0
62.44,45.0
62.45,40.0
62.46,32.0
62.47,27.0
62.48,34.0
62.49,24.0
62.5,34.0
62.51,29.0
62.52,17.0
62.53,37.0
62.54,40.0
62.55,27.0
62.56,31.0
62.57,31.0
62.58,38.0
62.59,40.0
62.6,37.0
62.61,38.0
62.62,39.0
62.63,30.0
62.64,26.0
62.65,27.0
62.66,24.0
62.67,20.0
62.68,21.0
62.69,22.0
62.7,29.0
62.71,30.0
62.72,21.0
62.73,30.0
62.74,13.0
62.75,32.0
62.76,21.0
62.77,20.0
62.78,21.0
62.79,20.0
62.8,30.0
62.81,29.0
62.82,28.0
62.83,24.0
62.84,18.0
62.85,23.0
62.86,16.0
62.87,16.0
62.88,28.0
62.89,28.0
62.9,26.0
62.91,21.0
62.92,16.0
62.93,24.0
62.94,23.0
62.95,22.0
62.96,22.0
62.97,26.0
62.98,19.0
62.99,26.0
63.0,28.0
63.01,22.0
63.02,30.0
63.03,23.0
63.04,22.0
63.05,26.0
63.06,25.0
63.07,24.0
63.08,25.0
63.09,21.0
63.1,40.0
63.11,35.0
63.12,19.0
63.13,18.0
63.14,29.0
63.15,21.0
63.16,27.0
63.17,30.0
63.18,30.0
63.19,20.0
63.2,29.0
63.21,22.0
63.22,24.0
63.23,29.0
63.24,29.0
63.25,30.0
63.26,41.0
63.27,36.0
63.28,32.0
63.29,37.0
63.3,51.0
63.31,43.0
63.32,36.0
63.33,54.0
63.34,45.0
63.35,60.0
63.36,58.0
63.37,68.0
63.38,63.0
63.39,63.0
63.4,60.0
63.41,46.0
63.42,51.0
63.43,55.0
63.44,69.0
63.45,61.0
63.46,71.0
63.47,39.0
63.48,43.0
63.49,46.0
63.5,51.0
63.51,57.0
63.52,58.0
63.53,48.0
63.54,54.0
63.55,41.0
63.56,53.0
63.57,48.0
63.58,46.0
63.59,54.0
63.6,50.0
63.61,50.0
63.62,38.0
63.63,48.0
63.64,43.0
63.65,52.0
63.66,49.0
63.67,48.0
63.68,44.0
63.69,46.0
63.7,41.0
63.71,40.0
63.72,48.0
63.73,39.0
63.74,44.0
63.75,50.0
63.76,46.0
63.77,40.0
63.78,46.0
63.79,60.0
63.8,46.0
63.81,51.0
63.82,49.0
63.83,57.0
63.84,54.0
63.85,42.0
63.86,48.0
63.87,54.0
63.88,62.0
63.89,47.0
63.9,63.0
63.91,59.0
63.92,78.0
63.93,69.0
63.94,68.0
63.95,63.0
63.96,69.0
63.97,55.0
63.98,53.0
63.99,49.0
64.0,44.0
64.01,53.0
64.02,53.0
64.03,37.0
64.04,40.0
64.05,40.0
64.06,44.0
64.07,44.0
64.08,38.0
64.09,41.0
64.1,45.0
64.11,61.0
64.12,51.0
64.13,33.0
64.14,37.0
64.15,36.0
64.16,37.0
64.17,37.0
64.18,36.0
64.19,30.0
64.2,30.0
64.21,34.0
64.22,30.0
64.23,40.0
64.24,32.0
64.25,23.0
64.26,31.0
64.27,22.0
64.28,23.0
64.29,24.0
64.3,34.0
64.31,28.0
64.32,22.0
64.33,38.0
64.34,26.0
64.35,18.0
64.36,19.0
64.37,34.0
64.38,22.0
64.39,27.0
64.4,17.0
64.41,26.0
64.42,25.0
64.43,32.0
64.44,21.0
64.45,28.0
64.46,29.0
64.47,18.0
64.48,24.0
64.49,26.0
64.5,20.0
64.51,26.0
64.52,22.0
64.53,24.0
64.54,19.0
64.55,23.0
64.56,20.0
64.57,20.0
64.58,21.0
64.59,30.0
64.6,23.0
64.61,27.0
64.62,25.0
64.63,29.0
64.64,18.0
64.65,33.0
64.66,19.0
64.67,29.0
64.68,20.0
64.69,28.0
64.7,23.0
64.71,16.0
64.72,30.0
64.73,29.0
64.74,22.0
64.75,22.0
64.76,31.0
64.77,24.0
64.78,23.0
64.79,25.0
64.8,17.0
64.81,18.0
64.82,21.0
64.83,24.0
64.84,20.0
64.85,25.0
64.86,29.0
64.87,18.0
64.88,26.0
64.89,22.0
64.9,21.0
64.91,30.0
64.92,20.0
64.93,13.0
64.94,26.0
64.95,27.0
64.96,27.0
64.97,26.0
64.98,19.0
64.99,27.0
65.0,36.0
65.01,23.0
65.02,24.0
65.03,25.0
65.04,28.0
65.05,28.0
65.06,20.0
65.07,26.0
65.08,23.0
65.09,22.0
65.1,23.0
65.11,20.0
65.12,26.0
65.13,26.0
65.14,25.0
65.15,24.0
65.16,21.0
65.17,23.0
65.18,23.0
65.19,33.0
65.2,27.0
65.21,20.0
65.22,23.0
65.23,19.0
65.24,29.0
65.25,27.0
65.26,18.0
65.27,16.0
65.28,18.0
65.29,10.0
65.3,20.0
65.31,15.0
65.32,22.0
65.33,30.0
65.34,30.0
65.35,32.0
65.36,20.0
65.37,31.0
65.38,24.0
65.39,21.0
65.4,18.0
65.41,15.0
65.42,25.0
65.43,23.0
65.44,11.0
65.45,21.0
65.46,29.0
65.47,18.0
65.48,17.0
65.49,22.0
65.5,20.0
65.51,26.0
65.52,23.0
65.53,17.0
65.54,28.0
65.55,28.0
65.56,28.0
65.57,22.0
65.58,16.0
65.59,22.0
65.6,22.0
65.61,23.0
65.62,27.0
65.63,22.0
65.64,22.0
65.65,28.0
65.66,26.0
65.67,24.0
65.68,23.0
65.69,22.0
65.7,17.0
65.71,22.0
65.72,29.0
65.73,27.0
65.74,22.0
65.75,15.0
65.76,23.0
65.77,24.0
65.78,16.0
65.79,24.0
65.8,28.0
65.81,21.0
65.82,22.0
65.83,22.0
65.84,12.0
65.85,21.0
65.86,24.0
65.87,17.0
65.88,23.0
65.89,21.0
65.9,25.0
65.91,20.0
65.92,32.0
65.93,18.0
65.94,14.0
65.95,19.0
65.96,25.0
65.97,21.0
65.98,17.0
65.99,18.0
66.0,22.0
66.01,26.0
66.02,21.0
66.03,24.0
66.04,27.0
66.05,25.0
66.06,17.0
66.07,18.0
66.08,30.0
66.09,27.0
66.1,16.0
66.11,26.0
66.12,17.0
66.13,22.0
66.14,17.0
66.15,19.0
66.16,22.0
66.17,24.0
66.18,24.0
66.19,21.0
66.2,19.0
66.21,16.0
66.22,18.0
66.23,26.0
66.24,24.0
66.25,29.0
66.26,28.0
66.27,27.0
66.28,32.0
66.29,29.0
66.3,11.0
66.31,26.0
66.32,30.0
66.33,23.0
66.34,20.0
66.35,20.0
66.36,21.0
66.37,17.0
66.38,21.0
66.39,24.0
66.4,8.0
66.41,27.0
66.42,26.0
66.43,23.0
66.44,25.0
66.45,23.0
66.46,14.0
66.47,27.0
66.48,27.0
66.49,18.0
66.5,24.0
66.51,21.0
66.52,28.0
66.53,23.0
66.54,21.0
66.55,20.0
66.56,27.0
66.57,19.0
66.58,19.0
66.59,22.0
66.6,19.0
66.61,18.0
66.62,15.0
66.63,16.0
66.64,21.0
66.65,20.0
66.66,22.0
66.67,19.0
66.68,21.0
66.69,19.0
66.7,24.0
66.71,26.0
66.72,16.0
66.73,27.0
66.74,17.0
66.75,24.0
66.76,19.0
66.77,18.0
66.78,19.0
66.79,16.0
66.8,15.0
66.81,23.0
66.82,19.0
66.83,18.0
66.84,24.0
66.85,23.0
66.86,23.0
66.87,25.0
66.88,38.0
66.89,19.0
66.9,22.0
66.91,25.0
66.92,27.0
66.93,17.0
66.94,28.0
66.95,19.0
66.96,21.0
66.97,26.0
66.98,23.0
66.99,24.0
67.0,22.0
67.01,23.0
67.02,20.0
67.03,28.0
67.04,21.0
67.05,36.0
67.06,22.0
67.07,24.0
67.08,20.0
67.09,26.0
67.1,23.0
67.11,18.0
67.12,18.0
67.13,27.0
67.14,18.0
67.15,10.0
67.16,18.0
67.17,24.0
67.18,27.0
67.19,18.0
67.2,21.0
67.21,23.0
67.22,28.0
67.23,24.0
67.24,19.0
67.25,18.0
67.26,21.0
67.27,19.0
67.28,24.0
67.29,13.0
67.3,21.0
67.31,19.0
67.32,19.0
67.33,23.0
67.34,24.0
67.35,21.0
67.36,29.0
67.37,18.0
67.38,26.0
67.39,30.0
67.4,26.0
67.41,24.0
67.42,24.0
67.43,18.0
67.44,14.0
67.45,15.0
67.46,23.0
67.47,18.0
67.48,19.0
67.49,27.0
67.5,29.0
67.51,18.0
67.52,19.0
67.53,22.0
67.54,23.0
67.55,24.0
67.56,22.0
67.57,21.0
67.58,25.0
67.59,22.0
67.6,21.0
67.61,21.0
67.62,31.0
67.63,19.0
67.64,27.0
67.65,31.0
67.66,26.0
67.67,28.0
67.68,27.0
67.69,29.0
67.7,32.0
67.71,40.0
67.72,25.0
67.73,20.0
67.74,34.0
67.75,27.0
67.76,34.0
67.77,24.0
67.78,36.0
67.79,57.0
67.8,39.0
67.81,47.0
67.82,59.0
67.83,64.0
67.84,64.0
67.85,61.0
67.86,55.0
67.87,48.0
67.88,37.0
67.89,56.0
67.9,42.0
67.91,40.0
67.92,26.0
67.93,35.0
67.94,28.0
67.95,34.0
67.96,38.0
67.97,17.0
67.98,36.0
67.99,34.0
68.0,33.0
68.01,35.0
68.02,50.0
68.03,45.0
68.04,47.0
68.05,36.0
68.06,33.0
68.07,44.0
68.08,28.0
68.09,33.0
68.1,24.0
68.11,32.0
68.12,23.0
68.13,19.0
68.14,30.0
68.15,35.0
68.16,15.0
68.17,24.0
68.18,26.0
68.19,30.0
68.2,26.0
68.21,27.0
68.22,14.0
68.23,24.0
68.24,22.0
68.25,18.0
68.26,17.0
68.27,25.0
68.28,20.0
68.29,33.0
68.3,21.0
68.31,18.0
68.32,21.0
68.33,21.0
68.34,26.0
68.35,26.0
68.36,26.0
68.37,28.0
68.38,32.0
68.39,20.0
68.4,23.0
68.41,25.0
68.42,32.0
68.43,18.0
68.44,24.0
68.45,20.0
68.46,22.0
68.47,20.0
68.48,20.0
68.49,21.0
68.5,17.0
68.51,24.0
68.52,22.0
68.53,28.0
68.54,19.0
68.55,17.0
68.56,25.0
68.57,18.0
68.58,25.0
68.59,20.0
68.6,20.0
68.61,17.0
68.62,24.0
68.63,7.0
68.64,27.0
68.65,13.0
68.66,25.0
68.67,20.0
68.68,27.0
68.69,17.0
68.7,14.0
68.71,13.0
68.72,18.0
68.73,21.0
68.74,21.0
68.75,19.0
68.76,28.0
68.77,22.0
68.78,18.0
68.79,14.0
68.8,24.0
68.81,22.0
68.82,27.0
68.83,25.0
68.84,22.0
68.85,26.0
68.86,19.0
68.87,29.0
68.88,22.0
68.89,13.0
68.9,19.0
68.91,15.0
68.92,24.0
68.93,20.0
68.94,23.0
68.95,15.0
68.96,26.0
68.97,24.0
68.98,14.0
68.99,13.0
69.0,15.0
69.01,16.0
69.02,22.0
69.03,16.0
69.04,22.0
69.05,21.0
69.06,17.0
69.07,20.0
69.08,28.0
69.09,22.0
69.1,29.0
69.11,20.0
69.12,16.0
69.13,19.0
69.14,29.0
69.15,16.0
69.16,22.0
69.17,29.0
69.18,18.0
69.19,22.0
69.2,15.0
69.21,25.0
69.22,26.0
69.23,25.0
69.24,24.0
69.25,22.0
69.26,21.0
69.27,18.0
69.28,19.0
69.29,23.0
69.3,34.0
69.31,24.0
69.32,18.0
69.33,19.0
69.34,23.0
69.35,23.0
69.36,21.0
69.37,23.0
69.38,24.0
69.39,24.0
69.4,27.0
69.41,20.0
69.42,17.0
69.43,20.0
69.44,22.0
69.45,28.0
69.46,21.0
69.47,15.0
69.48,19.0
69.49,27.0
69.5,27.0
69.51,21.0
69.52,22.0
69.53,16.0
69.54,26.0
69.55,33.0
69.56,22.0
69.57,19.0
69.58,15.0
69.59,19.0
69.6,18.0
69.61,28.0
69.62,33.0
69.63,28.0
69.64,27.0
69.65,20.0
69.66,28.0
69.67,28.0
69.68,22.0
69.69,30.0
69.7,23.0
69.71,34.0
69.72,23.0
69.73,25.0
69.74,22.0
69.75,24.0
69.76,20.0
69.77,30.0
69.78,23.0
69.79,23.0
69.8,34.0
69.81,27.0
69.82,20.0
69.83,24.0
69.84,29.0
69.85,21.0
69.86,24.0
69.87,27.0
69.88,18.0
69.89,22.0
69.9,24.0
69.91,21.0
69.92,25.0
69.93,22.0
69.94,18.0
69.95,18.0
69.96,15.0
69.97,23.0
69.98,21.0
69.99,28.0
70.0,21.0
70.01,25.0
70.02,21.0
70.03,21.0
70.04,22.0
70.05,19.0
70.06,16.0
70.07,34.0
70.08,24.0
70.09,22.0
70.1,34.0
70.11,28.0
70.12,21.0
70.13,21.0
70.14,31.0
70.15,25.0
70.16,27.0
70.17,26.0
70.18,29.0
70.19,22.0
70.2,19.0
70.21,22.0
70.22,17.0
70.23,25.0
70.24,21.0
70.25,25.0
70.26,24.0
70.27,25.0
70.28,19.0
70.29,18.0
70.3,18.0
70.31,26.0
70.32,27.0
70.33,21.0
70.34,22.0
70.35,22.0
70.36,17.0
70.37,19.0
70.38,21.0
70.39,29.0
70.4,19.0
70.41,26.0
70.42,26.0
70.43,22.0
70.44,13.0
70.45,27.0
70.46,20.0
70.47,24.0
70.48,12.0
70.49,26.0
70.5,19.0
70.51,22.0
70.52,18.0
70.53,18.0
70.54,17.0
70.55,28.0
70.56,16.0
70.57,15.0
70.58,35.0
70.59,26.0
70.6,24.0
70.61,25.0
70.62,15.0
70.63,15.0
70.64,20.0
70.65,22.0
70.66,28.0
70.67,20.0
70.68,19.0
70.69,21.0
70.7,23.0
70.71,21.0
70.72,23.0
70.73,20.0
70.74,19.0
70.75,19.0
70.76,27.0
70.77,21.0
70.78,23.0
70.79,23.0
70.8,24.0
70.81,20.0
70.82,18.0
70.83,18.0
70.84,23.0
70.85,28.0
70.86,21.0
70.87,28.0
70.88,23.0
70.89,28.0
70.9,30.0
70.91,22.0
70.92,28.0
70.93,26.0
70.94,24.0
70.95,13.0
70.96,27.0
70.97,25.0
70.98,23.0
70.99,18.0
71.0,21.0
71.01,25.0
71.02,17.0
71.03,20.0
71.04,24.0
71.05,26.0
71.06,26.0
71.07,21.0
71.08,16.0
71.09,22.0
71.1,20.0
71.11,22.0
71.12,18.0
71.13,22.0
71.14,23.0
71.15,27.0
71.16,33.0
71.17,16.0
71.18,17.0
71.19,17.0
71.2,20.0
71.21,23.0
71.22,19.0
71.23,27.0
71.24,31.0
71.25,23.0
71.26,19.0
71.27,19.0
71.28,27.0
71.29,13.0
71.3,19.0
71.31,15.0
71.32,30.0
71.33,18.0
71.34,21.0
71.35,15.0
71.36,23.0
71.37,14.0
71.38,17.0
71.39,19.0
71.4,21.0
71.41,26.0
71.42,19.0
71.43,17.0
71.44,29.0
71.45,15.0
71.46,12.0
71.47,19.0
71.48,21.0
71.49,17.0
71.5,19.0
71.51,27.0
71.52,17.0
71.53,27.0
71.54,18.0
71.55,18.0
71.56,30.0
71.57,19.0
71.58,29.0
71.59,19.0
71.6,17.0
71.61,22.0
71.62,19.0
71.63,23.0
71.64,15.0
71.65,27.0
71.66,21.0
71.67,19.0
71.68,21.0
71.69,18.0
71.7,24.0
71.71,21.0
71.72,24.0
71.73,20.0
71.74,24.0
71.75,26.0
71.76,23.0
71.77,23.0
71.78,18.0
71.79,26.0
71.8,20.0
71.81,21.0
71.82,24.0
71.83,15.0
71.84,29.0
71.85,24.0
71.86,18.0
71.87,24.0
71.88,23.0
71.89,35.0
71.9,26.0
71.91,19.0
71.92,20.0
71.93,40.0
71.94,27.0
71.95,27.0
71.96,33.0
71.97,22.0
71.98,24.0
71.99,26.0
72.0,31.0
72.01,22.0
72.02,25.0
72.03,21.0
72.04,28.0
72.05,31.0
72.06,26.0
72.07,29.0
72.08,32.0
72.09,33.0
72.1,16.0
72.11,25.0
72.12,28.0
72.13,29.0
72.14,23.0
72.15,22.0
72.16,20.0
72.17,27.0
72.18,26.0
72.19,26.0
72.2,24.0
72.21,25.0
72.22,21.0
72.23,18.0
72.24,17.0
72.25,24.0
72.26,14.0
72.27,20.0
72.28,20.0
72.29,28.0
72.3,23.0
72.31,20.0
72.32,30.0
72.33,23.0
72.34,24.0
72.35,13.0
72.36,23.0
72.37,17.0
72.38,22.0
72.39,16.0
72.4,24.0
72.41,17.0
72.42,19.0
72.43,27.0
72.44,19.0
72.45,19.0
72.46,19.0
72.47,17.0
72.48,31.0
72.49,18.0
72.5,22.0
72.51,17.0
72.52,25.0
72.53,18.0
72.54,22.0
72.55,20.0
72.56,13.0
72.57,29.0
72.58,29.0
72.59,23.0
72.6,24.0
72.61,23.0
72.62,16.0
72.63,21.0
72.64,20.0
72.65,21.0
72.66,20.0
72.67,19.0
72.68,15.0
72.69,18.0
72.7,22.0
72.71,33.0
72.72,16.0
72.73,24.0
72.74,21.0
72.75,24.0
72.76,24.0
72.77,17.0
72.78,15.0
72.79,24.0
72.8,23.0
72.81,22.0
72.82,24.0
72.83,20.0
72.84,18.0
72.85,27.0
72.86,14.0
72.87,26.0
72.88,20.0
72.89,17.0
72.9,15.0
72.91,22.0
72.92,26.0
72.93,20.0
72.94,20.0
72.95,19.0
72.96,26.0
72.97,19.0
72.98,27.0
72.99,24.0
73.0,19.0
73.01,24.0
73.02,23.0
73.03,22.0
73.04,19.0
73.05,23.0
73.06,33.0
73.07,23.0
73.08,25.0
73.09,22.0
73.1,21.0
73.11,16.0
73.12,24.0
73.13,21.0
73.14,26.0
73.15,24.0
73.16,19.0
73.17,18.0
73.18,19.0
73.19,24.0
73.2,18.0
73.21,14.0
73.22,26.0
73.23,9.0
73.24,24.0
73.25,21.0
73.26,21.0
73.27,21.0
73.28,22.0
73.29,18.0
73.3,20.0
73.31,26.0
73.32,20.0
73.33,23.0
73.34,29.0
73.35,20.0
73.36,18.0
73.37,20.0
73.38,21.0
73.39,16.0
73.4,19.0
73.41,21.0
73.42,17.0
73.43,25.0
73.44,23.0
73.45,25.0
73.46,19.0
73.47,18.0
73.48,25.0
73.49,20.0
73.5,17.0
73.51,26.0
73.52,19.0
73.53,27.0
73.54,23.0
73.55,19.0
73.56,23.0
73.57,27.0
73.58,24.0
73.59,18.0
73.6,20.0
73.61,25.0
73.62,19.0
73.63,21.0
73.64,32.0
73.65,21.0
73.66,19.0
73.67,23.0
73.68,18.0
73.69,29.0
73.7,22.0
73.71,21.0
73.72,35.0
73.73,18.0
73.74,29.0
73.75,27.0
73.76,29.0
73.77,17.0
73.78,20.0
73.79,25.0
73.8,15.0
73.81,25.0
73.82,20.0
73.83,20.0
73.84,30.0
73.85,20.0
73.86,15.0
73.87,21.0
73.88,33.0
73.89,17.0
73.9,15.0
73.91,19.0
73.92,19.0
73.93,29.0
73.94,25.0
73.95,17.0
73.96,27.0
73.97,31.0
73.98,25.0
73.99,18.0
74.0,29.0
74.01,18.0
74.02,21.0
74.03,23.0
74.04,21.0
74.05,22.0
74.06,15.0
74.07,13.0
74.08,16.0
74.09,19.0
74.1,25.0
74.11,28.0
74.12,30.0
74.13,18.0
74.14,23.0
74.15,19.0
74.16,14.0
74.17,30.0
74.18,21.0
74.19,26.0
74.2,22.0
74.21,16.0
74.22,21.0
74.23,21.0
74.24,28.0
74.25,17.0
74.26,19.0
74.27,24.0
74.28,22.0
74.29,27.0
74.3,20.0
74.31,25.0
74.32,23.0
74.33,22.0
74.34,21.0
74.35,27.0
74.36,27.0
74.37,19.0
74.38,14.0
74.39,24.0
74.4,27.0
74.41,20.0
74.42,17.0
74.43,29.0
74.44,26.0
74.45,39.0
74.46,22.0
74.47,31.0
74.48,30.0
74.49,32.0
74.5,23.0
74.51,29.0
74.52,20.0
74.53,32.0
74.54,23.0
74.55,35.0
74.56,24.0
74.57,27.0
74.58,20.0
74.59,21.0
74.6,26.0
74.61,29.0
74.62,31.0
74.63,24.0
74.64,28.0
74.65,25.0
74.66,18.0
74.67,29.0
74.68,21.0
74.69,29.0
74.7,24.0
74.71,23.0
74.72,24.0
74.73,19.0
74.74,20.0
74.75,29.0
74.76,25.0
74.77,26.0
74.78,18.0
74.79,30.0
74.8,35.0
74.81,22.0
74.82,26.0
74.83,18.0
74.84,30.0
74.85,18.0
74.86,29.0
74.87,22.0
74.88,23.0
74.89,22.0
74.9,18.0
74.91,26.0
74.92,30.0
74.93,24.0
74.94,23.0
74.95,32.0
74.96,22.0
74.97,18.0
74.98,30.0
74.99,20.0
75.0,14.0
75.01,22.0
75.02,17.0
75.03,26.0
75.04,14.0
75.05,17.0
75.06,21.0
75.07,29.0
75.08,25.0
75.09,25.0
75.1,24.0
75.11,28.0
75.12,18.0
75.13,20.0
75.14,23.0
75.15,21.0
75.16,17.0
75.17,30.0
75.18,19.0
75.19,27.0
75.2,20.0
75.21,33.0
75.22,22.0
75.23,34.0
75.24,22.0
75.25,24.0
75.26,21.0
75.27,19.0
75.28,21.0
75.29,29.0
75.3,17.0
75.31,26.0
75.32,19.0
75.33,26.0
75.34,17.0
75.35,24.0
75.36,19.0
75.37,26.0
75.38,20.0
75.39,20.0
75.4,17.0
75.41,23.0
75.42,24.0
75.43,11.0
75.44,19.0
75.45,24.0
75.46,31.0
75.47,17.0
75.48,20.0
75.49,23.0
75.5,29.0
75.51,18.0
75.52,25.0
75.53,22.0
75.54,23.0
75.55,24.0
75.56,17.0
75.57,26.0
75.58,21.0
75.59,18.0
75.6,22.0
75.61,16.0
75.62,24.0
75.63,14.0
75.64,21.0
75.65,18.0
75.66,20.0
75.67,21.0
75.68,26.0
75.69,29.0
75.7,24.0
75.71,24.0
75.72,28.0
75.73,31.0
75.74,28.0
75.75,19.0
75.76,14.0
75.77,20.0
75.78,20.0
75.79,32.0
75.8,19.0
75.81,22.0
75.82,27.0
75.83,24.0
75.84,19.0
75.85,22.0
75.86,19.0
75.87,16.0
75.88,16.0
75.89,18.0
75.9,19.0
75.91,25.0
75.92,19.0
75.93,29.0
75.94,22.0
75.95,20.0
75.96,25.0
75.97,26.0
75.98,30.0
75.99,27.0
76.0,26.0
76.01,21.0
76.02,20.0
76.03,20.0
76.04,28.0
76.05,14.0
76.06,21.0
76.07,31.0
76.08,32.0
76.09,25.0
76.1,21.0
76.11,23.0
76.12,17.0
76.13,19.0
76.14,27.0
76.15,30.0
76.16,24.0
76.17,31.0
76.18,23.0
76.19,36.0
76.2,25.0
76.21,28.0
76.22,24.0
76.23,28.0
76.24,21.0
76.25,28.0
76.26,21.0
76.27,27.0
76.28,26.0
76.29,21.0
76.3,22.0
76.31,27.0
76.32,29.0
76.33,22.0
76.34,37.0
76.35,25.0
76.36,25.0
76.37,26.0
76.38,34.0
76.39,27.0
76.4,28.0
76.41,34.0
76.42,19.0
76.43,41.0
76.44,34.0
76.45,32.0
76.46,38.0
76.47,31.0
76.48,33.0
76.49,26.0
76.5,29.0
76.51,20.0
76.52,38.0
76.53,31.0
76.54,22.0
76.55,17.0
76.56,29.0
76.57,21.0
76.58,36.0
76.59,32.0
76.6,34.0
76.61,28.0
76.62,28.0
76.63,39.0
76.64,26.0
76.65,30.0
76.66,38.0
76.67,34.0
76.68,32.0
76.69,33.0
76.7,23.0
76.71,31.0
76.72,29.0
76.73,25.0
76.74,35.0
76.75,34.0
76.76,31.0
76.77,19.0
76.78,28.0
76.79,25.0
76.8,26.0
76.81,20.0
76.82,31.0
76.83,23.0
76.84,15.0
76.85,20.0
76.86,36.0
76.87,29.0
76.88,14.0
76.89,21.0
76.9,30.0
76.91,19.0
76.92,26.0
76.93,25.0
76.94,28.0
76.95,32.0
76.96,29.0
76.97,28.0
76.98,22.0
76.99,28.0
77.0,18.0
77.01,18.0
77.02,21.0
77.03,19.0
77.04,21.0
77.05,21.0
77.06,22.0
77.07,23.0
77.08,31.0
77.09,21.0
77.1,30.0
77.11,24.0
77.12,25.0
77.13,28.0
77.14,20.0
77.15,19.0
77.16,19.0
77.17,17.0
77.18,20.0
77.19,24.0
77.2,19.0
77.21,20.0
77.22,18.0
77.23,24.0
77.24,35.0
77.25,20.0
77.26,22.0
77.27,22.0
77.28,21.0
77.29,30.0
77.3,32.0
77.31,22.0
77.32,14.0
77.33,20.0
77.34,29.0
77.35,27.0
77.36,27.0
77.37,19.0
77.38,17.0
77.39,22.0
77.4,26.0
77.41,15.0
77.42,18.0
77.43,27.0
77.44,36.0
77.45,25.0
77.46,30.0
77.47,22.0
77.48,22.0
77.49,22.0
77.5,20.0
77.51,32.0
77.52,23.0
77.53,22.0
77.54,23.0
77.55,26.0
77.56,28.0
77.57,20.0
77.58,16.0
77.59,20.0
77.6,18.0
77.61,39.0
77.62,24.0
77.63,24.0
77.64,27.0
77.65,26.0
77.66,23.0
77.67,24.0
77.68,27.0
77.69,29.0
77.7,34.0
77.71,23.0
77.72,27.0
77.73,16.0
77.74,25.0
77.75,23.0
77.76,18.0
77.77,25.0
77.78,20.0
77.79,32.0
77.8,21.0
77.81,21.0
77.82,32.0
77.83,25.0
77.84,13.0
77.85,18.0
77.86,38.0
77.87,25.0
77.88,24.0
77.89,34.0
77.9,36.0
77.91,15.0
77.92,21.0
77.93,16.0
77.94,26.0
77.95,30.0
77.96,31.0
77.97,22.0
77.98,23.0
77.99,31.0
78.0,35.0
78.01,28.0
78.02,36.0
78.03,26.0
78.04,37.0
78.05,52.0
78.06,29.0
78.07,35.0
78.08,29.0
78.09,34.0
78.1,38.0
78.11,43.0
78.12,35.0
78.13,27.0
78.14,32.0
78.15,42.0
78.16,21.0
78.17,28.0
78.18,32.0
78.19,41.0
78.2,34.0
78.21,28.0
78.22,39.0
78.23,26.0
78.24,33.0
78.25,37.0
78.26,21.0
78.27,32.0
78.28,29.0
78.29,26.0
78.3,29.0
78.31,40.0
78.32,26.0
78.33,30.0
78.34,30.0
78.35,36.0
78.36,32.0
78.37,26.0
78.38,31.0
78.39,45.0
78.4,35.0
78.41,37.0
78.42,32.0
78.43,25.0
78.44,42.0
78.45,40.0
78.46,29.0
78.47,39.0
78.48,28.0
78.49,31.0
78.5,40.0
78.51,39.0
78.52,25.0
78.53,21.0
78.54,22.0
78.55,35.0
78.56,29.0
78.57,12.0
78.58,29.0
78.59,25.0
78.6,25.0
78.61,17.0
78.62,25.0
78.63,24.0
78.64,25.0
78.65,29.0
78.66,32.0
78.67,23.0
78.68,22.0
78.69,20.0
78.7,35.0
78.71,14.0
78.72,28.0
78.73,22.0
78.74,28.0
78.75,25.0
78.76,26.0
78.77,31.0
78.78,26.0
78.79,23.0
78.8,21.0
78.81,22.0
78.82,22.0
78.83,27.0
78.84,20.0
78.85,20.0
78.86,23.0
78.87,20.0
78.88,22.0
78.89,24.0
78.9,27.0
78.91,18.0
78.92,30.0
78.93,26.0
78.94,19.0
78.95,23.0
78.96,27.0
78.97,31.0
78.98,28.0
78.99,17.0
79.0,23.0
79.01,21.0
79.02,18.0
79.03,29.0
79.04,16.0
79.05,24.0
79.06,26.0
79.07,32.0
79.08,32.0
79.09,31.0
79.1,23.0
79.11,24.0
79.12,23.0
79.13,21.0
79.14,30.0
79.15,19.0
79.16,23.0
79.17,28.0
79.18,21.0
79.19,32.0
79.2,38.0
79.21,33.0
79.22,44.0
79.23,45.0
79.24,29.0
79.25,18.0
79.26,28.0
79.27,24.0
79.28,23.0
79.29,32.0
79.3,29.0
79.31,38.0
79.32,17.0
79.33,32.0
79.34,26.0
79.35,20.0
79.36,23.0
79.37,28.0
79.38,25.0
79.39,30.0
79.4,24.0
79.41,22.0
79.42,21.0
79.43,27.0
79.44,31.0
79.45,39.0
79.46,27.0
79.47,19.0
79.48,28.0
79.49,31.0
79.5,35.0
79.51,22.0
79.52,18.0
79.53,22.0
79.54,27.0
79.55,24.0
79.56,27.0
79.57,25.0
79.58,27.0
79.59,28.0
79.6,26.0
79.61,19.0
79.62,19.0
79.63,22.0
79.64,28.0
79.65,25.0
79.66,12.0
79.67,25.0
79.68,24.0
79.69,25.0
79.7,32.0
79.71,13.0
79.72,21.0
79.73,31.0
79.74,28.0
79.75,19.0
79.76,27.0
79.77,18.0
79.78,24.0
79.79,28.0
79.8,32.0
79.81,31.0
79.82,28.0
79.83,27.0
79.84,23.0
79.85,27.0
79.86,26.0
79.87,18.0
79.88,24.0
79.89,33.0
79.9,30.0
79.91,25.0
79.92,31.0
79.93,37.0
79.94,36.0
79.95,33.0
79.96,25.0
79.97,24.0
79.98,26.0
79.99,17.0
80.0,24.0
80.01,36.0
80.02,36.0
80.03,25.0
80.04,25.0
80.05,30.0
80.06,30.0
80.07,29.0
80.08,26.0
80.09,18.0
80.1,27.0
80.11,30.0
80.12,33.0
80.13,29.0
80.14,25.0
80.15,16.0
80.16,33.0
80.17,32.0
80.18,33.0
80.19,29.0
80.2,34.0
80.21,28.0
80.22,45.0
80.23,37.0
80.24,37.0
80.25,45.0
80.26,39.0
80.27,49.0
80.28,44.0
80.29,44.0
80.3,40.0
80.31,47.0
80.32,52.0
80.33,49.0
80.34,40.0
80.35,40.0
80.36,39.0
80.37,44.0
80.38,37.0
80.39,42.0
80.4,27.0
80.41,37.0
80.42,25.0
80.43,39.0
80.44,39.0
80.45,38.0
80.46,43.0
80.47,31.0
80.48,52.0
80.49,39.0
80.5,49.0
80.51,41.0
80.52,41.0
80.53,35.0
80.54,44.0
80.55,44.0
80.56,36.0
80.57,49.0
80.58,34.0
80.59,48.0
80.6,42.0
80.61,31.0
80.62,35.0
80.63,25.0
80.64,35.0
80.65,34.0
80.66,23.0
80.67,28.0
80.68,40.0
80.69,22.0
80.7,28.0
80.71,38.0
80.72,36.0
80.73,24.0
80.74,28.0
80.75,35.0
80.76,31.0
80.77,30.0
80.78,15.0
80.79,20.0
80.8,22.0
80.81,35.0
80.82,33.0
80.83,27.0
80.84,16.0
80.85,29.0
80.86,30.0
80.87,36.0
80.88,26.0
80.89,29.0
80.9,26.0
80.91,27.0
80.92,28.0
80.93,20.0
80.94,25.0
80.95,26.0
80.96,30.0
80.97,29.0
80.98,25.0
80.99,28.0
81.0,17.0
81.01,32.0
81.02,27.0
81.03,23.0
81.04,22.0
81.05,28.0
81.06,23.0
81.07,25.0
81.08,21.0
81.09,16.0
81.1,22.0
81.11,23.0
81.12,29.0
81.13,20.0
81.14,24.0
81.15,26.0
81.16,21.0
81.17,24.0
81.18,25.0
81.19,28.0
81.2,25.0
81.21,27.0
81.22,22.0
81.23,24.0
81.24,18.0
81.25,29.0
81.26,20.0
81.27,22.0
81.28,23.0
81.29,25.0
81.3,27.0
81.31,25.0
81.32,32.0
81.33,30.0
81.34,19.0
81.35,18.0
81.36,29.0
81.37,15.0
81.38,25.0
81.39,19.0
81.4,20.0
81.41,25.0
81.42,18.0
81.43,22.0
81.44,25.0
81.45,27.0
81.46,24.0
81.47,30.0
81.48,13.0
81.49,27.0
81.5,28.0
81.51,17.0
81.52,26.0
81.53,29.0
81.54,20.0
81.55,25.0
81.56,29.0
81.57,22.0
81.58,18.0
81.59,29.0
81.6,24.0
81.61,16.0
81.62,26.0
81.63,29.0
81.64,27.0
81.65,24.0
81.66,27.0
81.67,24.0
81.68,24.0
81.69,23.0
81.7,23.0
81.71,18.0
81.72,25.0
81.73,13.0
81.74,23.0
81.75,26.0
81.76,21.0
81.77,32.0
81.78,24.0
81.79,27.0
81.8,27.0
81.81,25.0
81.82,27.0
81.83,30.0
81.84,18.0
81.85,25.0
81.86,14.0
81.87,24.0
81.88,19.0
81.89,22.0
81.9,19.0
81.91,25.0
81.92,20.0
81.93,26.0
81.94,14.0
81.95,22.0
81.96,23.0
81.97,31.0
81.98,25.0
81.99,17.0
82.0,20.0
82.01,24.0
82.02,21.0
82.03,24.0
82.04,23.0
82.05,24.0
82.06,21.0
82.07,16.0
82.08,24.0
82.09,15.0
82.1,25.0
82.11,17.0
82.12,15.0
82.13,24.0
82.14,25.0
82.15,21.0
82.16,19.0
82.17,30.0
82.18,23.0
82.19,19.0
82.2,21.0
82.21,32.0
82.22,26.0
82.23,23.0
82.24,28.0
82.25,26.0
82.26,24.0
82.27,24.0
82.28,27.0
82.29,17.0
82.3,20.0
82.31,24.0
82.32,21.0
82.33,28.0
82.34,25.0
82.35,23.0
82.36,16.0
82.37,19.0
82.38,29.0
82.39,20.0
82.4,21.0
82.41,21.0
82.42,20.0
82.43,23.0
82.44,19.0
82.45,37.0
82.46,28.0
82.47,28.0
82.48,26.0
82.49,18.0
82.5,23.0
82.51,25.0
82.52,24.0
82.53,20.0
82.54,20.0
82.55,24.0
82.56,21.0
82.57,17.0
82.58,23.0
82.59,30.0
82.6,21.0
82.61,24.0
82.62,25.0
82.63,31.0
82.64,26.0
82.65,23.0
82.66,21.0
82.67,22.0
82.68,29.0
82.69,25.0
82.7,19.0
82.71,24.0
82.72,24.0
82.73,19.0
82.74,19.0
82.75,25.0
82.76,19.0
82.77,24.0
82.78,27.0
82.79,23.0
82.8,29.0
82.81,33.0
82.82,21.0
82.83,23.0
82.84,27.0
82.85,19.0
82.86,36.0
82.87,27.0
82.88,24.0
82.89,24.0
82.9,28.0
82.91,31.0
82.92,31.0
82.93,21.0
82.94,24.0
82.95,28.0
82.96,29.0
82.97,27.0
82.98,23.0
82.99,21.0
83.0,13.0
83.01,21.0
83.02,31.0
83.03,22.0
83.04,31.0
83.05,21.0
83.06,18.0
83.07,25.0
83.08,30.0
83.09,21.0
83.1,15.0
83.11,25.0
83.12,11.0
83.13,24.0
83.14,42.0
83.15,21.0
83.16,23.0
83.17,20.0
83.18,23.0
83.19,30.0
83.2,34.0
83.21,31.0
83.22,28.0
83.23,26.0
83.24,16.0
83.25,22.0
83.26,18.0
83.27,15.0
83.28,19.0
83.29,30.0
83.3,31.0
83.31,20.0
83.32,28.0
83.33,23.0
83.34,22.0
83.35,27.0
83.36,33.0
83.37,27.0
83.38,25.0
83.39,11.0
83.4,19.0
83.41,25.0
83.42,26.0
83.43,14.0
83.44,29.0
83.45,22.0
83.46,29.0
83.47,23.0
83.48,21.0
83.49,26.0
83.5,28.0
83.51,25.0
83.52,14.0
83.53,18.0
83.54,26.0
83.55,26.0
83.56,23.0
83.57,42.0
83.58,18.0
83.59,19.0
83.6,19.0
83.61,22.0
83.62,26.0
83.63,26.0
83.64,30.0
83.65,19.0
83.66,27.0
83.67,39.0
83.68,26.0
83.69,21.0
83.7,25.0
83.71,23.0
83.72,23.0
83.73,25.0
83.74,21.0
83.75,34.0
83.76,17.0
83.77,23.0
83.78,23.0
83.79,22.0
83.8,30.0
83.81,25.0
83.82,26.0
83.83,28.0
83.84,12.0
83.85,15.0
83.86,29.0
83.87,24.0
83.88,20.0
83.89,24.0
83.9,28.0
83.91,26.0
83.92,19.0
83.93,21.0
83.94,27.0
83.95,23.0
83.96,31.0
83.97,28.0
83.98,15.0
83.99,25.0
84.0,27.0
84.01,22.0
84.02,17.0
84.03,21.0
84.04,21.0
84.05,23.0
84.06,20.0
84.07,22.0
84.08,21.0
84.09,21.0
84.1,22.0
84.11,35.0
84.12,23.0
84.13,28.0
84.14,26.0
84.15,26.0
84.16,18.0
84.17,17.0
84.18,24.0
84.19,25.0
84.2,26.0
84.21,27.0
84.22,28.0
84.23,25.0
84.24,17.0
84.25,26.0
84.26,19.0
84.27,25.0
84.28,28.0
84.29,26.0
84.3,27.0
84.31,24.0
84.32,22.0
84.33,16.0
84.34,27.0
84.35,29.0
84.36,21.0
84.37,25.0
84.38,19.0
84.39,23.0
84.4,16.0
84.41,29.0
84.42,24.0
84.43,23.0
84.44,29.0
84.45,26.0
84.46,28.0
84.47,20.0
84.48,26.0
84.49,22.0
84.5,18.0
84.51,24.0
84.52,20.0
84.53,19.0
84.54,22.0
84.55,23.0
84.56,29.0
84.57,14.0
84.58,21.0
84.59,24.0
84.6,29.0
84.61,19.0
84.62,31.0
84.63,29.0
84.64,24.0
84.65,26.0
84.66,24.0
84.67,22.0
84.68,23.0
84.69,19.0
84.7,19.0
84.71,27.0
84.72,25.0
84.73,21.0
84.74,22.0
84.75,27.0
84.76,20.0
84.77,19.0
84.78,23.0
84.79,21.0
84.8,28.0
84.81,20.0
84.82,31.0
84.83,20.0
84.84,25.0
84.85,24.0
84.86,35.0
84.87,23.0
84.88,19.0
84.89,21.0
84.9,26.0
84.91,26.0
84.92,24.0
84.93,28.0
84.94,26.0
84.95,18.0
84.96,26.0
84.97,32.0
84.98,26.0
84.99,21.0
85.0,26.0
85.01,28.0
85.02,22.0
85.03,31.0
85.04,24.0
85.05,17.0
85.06,19.0
85.07,31.0
85.08,27.0
85.09,28.0
85.1,25.0
85.11,28.0
85.12,25.0
85.13,26.0
85.14,28.0
85.15,22.0
85.16,27.0
85.17,28.0
85.18,25.0
85.19,18.0
85.2,20.0
85.21,21.0
85.22,35.0
85.23,31.0
85.24,27.0
85.25,21.0
85.26,30.0
85.27,33.0
85.28,22.0
85.29,35.0
85.3,31.0
85.31,27.0
85.32,33.0
85.33,41.0
85.34,27.0
85.35,27.0
85.36,38.0
85.37,34.0
85.38,25.0
85.39,43.0
85.4,34.0
85.41,24.0
85.42,22.0
85.43,28.0
85.44,33.0
85.45,19.0
85.46,19.0
85.47,30.0
85.48,23.0
85.49,23.0
85.5,22.0
85.51,26.0
85.52,27.0
85.53,36.0
85.54,24.0
85.55,25.0
85.56,30.0
85.57,34.0
85.58,38.0
85.59,29.0
85.6,18.0
85.61,34.0
85.62,18.0
85.63,37.0
85.64,25.0
85.65,30.0
85.66,32.0
85.67,28.0
85.68,34.0
85.69,17.0
85.7,26.0
85.71,20.0
85.72,27.0
85.73,20.0
85.74,27.0
85.75,21.0
85.76,18.0
85.77,21.0
85.78,27.0
85.79,28.0
85.8,16.0
85.81,31.0
85.82,21.0
85.83,23.0
85.84,30.0
85.85,18.0
85.86,23.0
85.87,34.0
85.88,30.0
85.89,24.0
85.9,40.0
85.91,25.0
85.92,34.0
85.93,26.0
85.94,26.0
85.95,33.0
85.96,31.0
85.97,28.0
85.98,16.0
85.99,23.0
86.0,28.0
86.01,24.0
86.02,27.0
86.03,21.0
86.04,32.0
86.05,21.0
86.06,20.0
86.07,20.0
86.08,29.0
86.09,27.0
86.1,25.0
86.11,28.0
86.12,19.0
86.13,23.0
86.14,22.0
86.15,21.0
86.16,27.0
86.17,27.0
86.18,31.0
86.19,22.0
86.2,17.0
86.21,20.0
86.22,20.0
86.23,27.0
86.24,17.0
86.25,19.0
86.26,23.0
86.27,31.0
86.28,26.0
86.29,25.0
86.3,30.0
86.31,23.0
86.32,29.0
86.33,30.0
86.34,36.0
86.35,22.0
86.36,36.0
86.37,22.0
86.38,27.0
86.39,25.0
86.4,24.0
86.41,33.0
86.42,22.0
86.43,20.0
86.44,24.0
86.45,21.0
86.46,26.0
86.47,26.0
86.48,24.0
86.49,24.0
86.5,25.0
86.51,29.0
86.52,19.0
86.53,20.0
86.54,19.0
86.55,23.0
86.56,37.0
86.57,25.0
86.58,26.0
86.59,27.0
86.6,26.0
86.61,32.0
86.62,24.0
86.63,30.0
86.64,19.0
86.65,33.0
86.66,29.0
86.67,29.0
86.68,28.0
86.69,33.0
86.7,39.0
86.71,23.0
86.72,18.0
86.73,31.0
86.74,22.0
86.75,29.0
86.76,24.0
86.77,38.0
86.78,25.0
86.79,27.0
86.8,27.0
86.81,24.0
86.82,24.0
86.83,30.0
86.84,28.0
86.85,32.0
86.86,26.0
86.87,33.0
86.88,42.0
86.89,24.0
86.9,26.0
86.91,27.0
86.92,34.0
86.93,34.0
86.94,21.0
86.95,29.0
86.96,26.0
86.97,25.0
86.98,40.0
86.99,26.0
87.0,26.0
87.01,24.0
87.02,24.0
87.03,34.0
87.04,23.0
87.05,26.0
87.06,33.0
87.07,28.0
87.08,30.0
87.09,30.0
87.1,27.0
87.11,21.0
87.12,24.0
87.13,30.0
87.14,32.0
87.15,26.0
87.16,30.0
87.17,18.0
87.18,23.0
87.19,35.0
87.2,26.0
87.21,26.0
87.22,29.0
87.23,32.0
87.24,38.0
87.25,23.0
87.26,31.0
87.27,24.0
87.28,26.0
87.29,22.0
87.3,28.0
87.31,26.0
87.32,23.0
87.33,27.0
87.34,30.0
87.35,25.0
87.36,29.0
87.37,33.0
87.38,21.0
87.39,29.0
87.4,28.0
87.41,19.0
87.42,26.0
87.43,27.0
87.44,27.0
87.45,30.0
87.46,25.0
87.47,20.0
87.48,25.0
87.49,25.0
87.5,25.0
87.51,19.0
87.52,28.0
87.53,27.0
87.54,24.0
87.55,13.0
87.56,33.0
87.57,26.0
87.58,18.0
87.59,18.0
87.6,22.0
87.61,28.0
87.62,26.0
87.63,28.0
87.64,23.0
87.65,36.0
87.66,28.0
87.67,28.0
87.68,14.0
87.69,37.0
87.7,24.0
87.71,22.0
87.72,18.0
87.73,25.0
87.74,31.0
87.75,24.0
87.76,29.0
87.77,24.0
87.78,28.0
87.79,25.0
87.8,23.0
87.81,33.0
87.82,27.0
87.83,26.0
87.84,25.0
87.85,35.0
87.86,24.0
87.87,26.0
87.88,15.0
87.89,24.0
87.9,23.0
87.91,28.0
87.92,24.0
87.93,34.0
87.94,31.0
87.95,30.0
87.96,25.0
87.97,23.0
87.98,34.0
87.99,23.0
88.0,31.0
88.01,24.0
88.02,19.0
88.03,19.0
88.04,32.0
88.05,18.0
88.06,26.0
88.07,25.0
88.08,34.0
88.09,30.0
88.1,31.0
88.11,28.0
88.12,30.0
88.13,27.0
88.14,34.0
88.15,21.0
88.16,27.0
88.17,24.0
88.18,29.0
88.19,36.0
88.2,34.0
88.21,23.0
88.22,29.0
88.23,35.0
88.24,17.0
88.25,27.0
88.26,19.0
88.27,22.0
88.28,29.0
88.29,33.0
88.3,24.0
88.31,27.0
88.32,25.0
88.33,31.0
88.34,20.0
88.35,21.0
88.36,30.0
88.37,32.0
88.38,37.0
88.39,32.0
88.4,27.0
88.41,25.0
88.42,42.0
88.43,31.0
88.44,22.0
88.45,23.0
88.46,29.0
88.47,37.0
88.48,21.0
88.49,22.0
88.5,29.0
88.51,28.0
88.52,29.0
88.53,22.0
88.54,27.0
88.55,35.0
88.56,30.0
88.57,38.0
88.58,30.0
88.59,29.0
88.6,28.0
88.61,31.0
88.62,38.0
88.63,33.0
88.64,32.0
88.65,38.0
88.66,36.0
88.67,45.0
88.68,39.0
88.69,46.0
88.7,53.0
88.71,52.0
88.72,52.0
88.73,52.0
88.74,44.0
88.75,45.0
88.76,42.0
88.77,40.0
88.78,33.0
88.79,28.0
88.8,37.0
88.81,36.0
88.82,31.0
88.83,38.0
88.84,23.0
88.85,35.0
88.86,39.0
88.87,29.0
88.88,38.0
88.89,34.0
88.9,33.0
88.91,37.0
88.92,31.0
88.93,39.0
88.94,27.0
88.95,47.0
88.96,49.0
88.97,32.0
88.98,28.0
88.99,29.0
89.0,29.0
89.01,35.0
89.02,38.0
89.03,33.0
89.04,35.0
89.05,33.0
89.06,34.0
89.07,32.0
89.08,33.0
89.09,37.0
89.1,23.0
89.11,31.0
89.12,28.0
89.13,38.0
89.14,30.0
89.15,35.0
89.16,24.0
89.17,26.0
89.18,39.0
89.19,21.0
89.2,29.0
89.21,33.0
89.22,24.0
89.23,28.0
89.24,25.0
89.25,38.0
89.26,27.0
89.27,13.0
89.28,18.0
89.29,30.0
89.3,36.0
89.31,34.0
89.32,33.0
89.33,30.0
89.34,33.0
89.35,28.0
89.36,40.0
89.37,40.0
89.38,27.0
89.39,39.0
89.4,30.0
89.41,54.0
89.42,30.0
89.43,35.0
89.44,33.0
89.45,35.0
89.46,31.0
89.47,37.0
89.48,28.0
89.49,35.0
89.5,27.0
89.51,33.0
89.52,27.0
89.53,18.0
89.54,36.0
89.55,30.0
89.56,30.0
89.57,31.0
89.58,31.0
89.59,35.0
89.6,27.0
89.61,27.0
89.62,28.0
89.63,38.0
89.64,40.0
89.65,25.0
89.66,34.0
89.67,39.0
89.68,32.0
89.69,32.0
89.7,31.0
89.71,27.0
89.72,20.0
89.73,32.0
89.74,35.0
89.75,23.0
89.76,30.0
89.77,27.0
89.78,34.0
89.79,19.0
89.8,22.0
89.81,28.0
89.82,21.0
89.83,31.0
89.84,42.0
89.85,32.0
89.86,36.0
89.87,27.0
89.88,27.0
89.89,33.0
89.9,34.0
89.91,37.0
89.92,35.0
89.93,32.0
89.94,33.0
89.95,33.0
89.96,24.0
89.97,35.0
89.98,37.0
89.99,29.0
90.0,36.0
