9.99586644,1042
10.01759932,1114
10.0393322,1131
10.06106508,1110
10.08279796,1087
10.10453084,1122
10.12626372,1109
10.1479966,1115
10.16972948,1060
10.19146236,1154
10.21319524,1129
10.23492812,1086
10.256661,1170
10.27839388,1090
10.30012676,1148
10.32185964,1135
10.34359252,1133
10.3653254,1123
10.38705828,1167
10.40879116,1156
10.43052404,1067
10.45225692,1110
10.4739898,1149
10.49572268,1095
10.51745556,1175
10.53918844,1131
10.56092132,1122
10.5826542,1028
10.60438708,1093
10.62611996,1100
10.64785284,1073
10.66958572,1113
10.6913186,1115
10.71305148,1153
10.73478436,1064
10.75651724,1082
10.77825012,1124
10.799983,1119
10.82171588,1222
10.84344876,1089
10.86518164,1090
10.88691452,1109
10.9086474,1014
10.93038028,1176
10.95211316,1099
10.97384604,1151
10.99557892,1132
11.0173118,1109
11.03904468,1177
11.06077756,1140
11.08251044,1125
11.10424332,1069
11.1259762,1104
11.14770908,1135
11.16944196,1141
11.19117484,1157
11.21290772,1089
11.2346406,1102
11.25637348,1146
11.27810636,1106
11.29983924,1047
11.32157212,1122
11.343305,1150
11.36503788,1088
11.38677076,1093
11.40850364,1119
11.43023652,1200
11.4519694,1159
11.47370228,1128
11.49543516,1163
11.51716804,1180
11.53890092,1162
11.5606338,1164
11.58236668,1137
11.60409956,1093
11.62583244,1108
11.64756532,1114
11.6692982,1085
11.69103108,1155
11.71276396,1069
11.73449684,1169
11.75622972,1090
11.7779626,1135
11.79969548,1128
11.82142836,1116
11.84316124,1150
11.86489412,1165
11.886627,1101
11.90835988,1166
11.93009276,1140
11.95182564,1134
11.97355852,1112
11.9952914,1089
12.01702428,1143
12.03875716,1119
12.06049004,1120
12.08222292,1110
12.1039558,1147
12.12568868,1086
12.14742156,1137
12.16915444,1146
12.19088732,1090
12.2126202,1121
12.23435308,1166
12.25608596,1097
12.27781884,1120
12.29955172,1139
12.3212846,1107
12.34301748,1112
12.36475036,1103
12.38648324,1140
12.40821612,1155
12.429949,1161
12.45168188,1179
12.47341476,1076
12.49514764,1133
12.51688052,1163
12.5386134,1178
12.56034628,1126
12.58207916,1133
12.60381204,1207
12.62554492,1111
12.6472778,1138
12.66901068,1084
12.69074356,1128
12.71247644,1107
12.73420932,1137
12.7559422,1112
12.77767508,1072
12.79940796,1056
12.82114084,1109
12.84287372,1044
12.8646066,1128
12.88633948,1120
12.90807236,1107
12.92980524,1109
12.95153812,1135
12.973271,1117
12.99500388,1182
13.01673676,1151
13.03846964,1135
13.06020252,1146
13.0819354,1164
13.10366828,1209
13.12540116,1160
13.14713404,1147
13.16886692,1097
13.1905998,1129
13.21233268,1154
13.23406556,1106
13.25579844,1118
13.27753132,1165
13.2992642,1163
13.32099708,1082
13.34272996,1179
13.36446284,1104
13.38619572,1194
13.4079286,1068
13.42966148,1111
13.45139436,1055
13.47312724,1068
13.49486012,1145
13.516593,1134
13.53832588,1129
13.56005876,1093
13.58179164,1073
13.60352452,1146
13.6252574,1117
13.64699028,1169
13.66872316,1096
13.69045604,1134
13.71218892,1104
13.7339218,1085
13.75565468,1101
13.77738756,1117
13.79912044,1185
13.82085332,1146
13.8425862,1115
13.86431908,1095
13.88605196,1118
13.90778484,1179
13.92951772,1140
13.9512506,1128
13.97298348,1146
13.99471636,1159
14.01644924,1158
14.03818212,1141
14.059915,1134
14.08164788,1050
14.10338076,1114
14.12511364,1089
14.14684652,1188
14.1685794,1158
14.19031228,1115
14.21204516,1108
14.23377804,1128
14.25551092,1149
14.2772438,1132
14.29897668,1080
14.32070956,1104
14.34244244,1158
14.36417532,1095
14.3859082,1130
14.40764108,1176
14.42937396,1119
14.45110684,1133
14.47283972,1093
14.4945726,1121
14.51630548,1170
14.53803836,1102
14.55977124,1131
14.58150412,1118
14.603237,1114
14.62496988,1160
14.64670276,1188
14.66843564,1109
14.69016852,1156
14.7119014,1127
14.73363428,1091
14.75536716,1155
14.77710004,1145
14.79883292,1131
14.8205658,1088
14.84229868,1129
14.86403156,1192
14.88576444,1086
14.90749732,1130
14.9292302,1180
14.95096308,1101
14.97269596,1073
14.99442884,1130
15.01616172,1140
15.0378946,1112
15.05962748,1165
15.08136036,1155
15.10309324,1117
15.12482612,1157
15.146559,1114
15.16829188,1068
15.19002476,1105
15.21175764,1140
15.23349052,1187
15.2552234,1182
15.27695628,1157
15.29868916,1126
15.32042204,1119
15.34215492,1164
15.3638878,1110
15.38562068,1083
15.40735356,1137
15.42908644,1115
15.45081932,1201
15.4725522,1088
15.49428508,1151
15.51601796,1105
15.53775084,1164
15.55948372,1179
15.5812166,1156
15.60294948,1123
15.62468236,1139
15.64641524,1107
15.66814812,1176
15.689881,1208
15.71161388,1148
15.73334676,1141
15.75507964,1111
15.77681252,1104
15.7985454,1142
15.82027828,1112
15.84201116,1172
15.86374404,1130
15.88547692,1132
15.9072098,1219
15.92894268,1101
15.95067556,1156
15.97240844,1137
15.99414132,1158
16.0158742,1170
16.03760708,1115
16.05933996,1124
16.08107284,1098
16.10280572,1161
16.1245386,1145
16.14627148,1169
16.16800436,1163
16.18973724,1146
16.21147012,1149
16.233203,1125
16.25493588,1118
16.27666876,1112
16.29840164,1155
16.32013452,1103
16.3418674,1187
16.36360028,1207
16.38533316,1159
16.40706604,1203
16.42879892,1214
16.4505318,1124
16.47226468,1125
16.49399756,1129
16.51573044,1108
16.53746332,1142
16.5591962,1207
16.58092908,1133
16.60266196,1130
16.62439484,1164
16.64612772,1140
16.6678606,1139
16.68959348,1174
16.71132636,1108
16.73305924,1160
16.75479212,1181
16.776525,1208
16.79825788,1110
16.81999076,1179
16.84172364,1174
16.86345652,1168
16.8851894,1201
16.90692228,1165
16.92865516,1185
16.95038804,1166
16.97212092,1193
16.9938538,1155
17.01558668,1185
17.03731956,1100
17.05905244,1137
17.08078532,1107
17.1025182,1114
17.12425108,1167
17.14598396,1241
17.16771684,1183
17.18944972,1177
17.2111826,1174
17.23291548,1123
17.25464836,1120
17.27638124,1132
17.29811412,1186
17.319847,1162
17.34157988,1167
17.36331276,1174
17.38504564,1186
17.40677852,1223
17.4285114,1117
17.45024428,1133
17.47197716,1154
17.49371004,1166
17.51544292,1256
17.5371758,1218
17.55890868,1214
17.58064156,1120
17.60237444,1133
17.62410732,1213
17.6458402,1163
17.66757308,1175
17.68930596,1201
17.71103884,1138
17.73277172,1199
17.7545046,1200
17.77623748,1218
17.79797036,1155
17.81970324,1208
17.84143612,1155
17.863169,1130
17.88490188,1216
17.90663476,1183
17.92836764,1206
17.95010052,1212
17.9718334,1198
17.99356628,1198
18.01529916,1195
18.03703204,1256
18.05876492,1253
18.0804978,1226
18.10223068,1215
18.12396356,1272
18.14569644,1231
18.16742932,1232
18.1891622,1220
18.21089508,1298
18.23262796,1231
18.25436084,1241
18.27609372,1199
18.2978266,1254
18.31955948,1286
18.34129236,1314
18.36302524,1297
18.38475812,1298
18.406491,1374
18.42822388,1288
18.44995676,1221
18.47168964,1279
18.49342252,1406
18.5151554,1330
18.53688828,1349
18.55862116,1384
18.58035404,1440
18.60208692,1389
18.6238198,1415
18.64555268,1446
18.66728556,1475
18.68901844,1517
18.71075132,1594
18.7324842,1582
18.75421708,1638
18.77594996,1656
18.79768284,1777
18.81941572,1853
18.8411486,1889
18.86288148,2006
18.88461436,2075
18.90634724,2237
18.92808012,2349
18.949813,2562
18.97154588,2844
18.99327876,3080
19.01501164,3253
19.03674452,3506
19.0584774,3720
19.08021028,4014
19.10194316,4107
19.12367604,4041
19.14540892,4104
19.1671418,3748
19.18887468,3555
19.21060756,3210
19.23234044,2825
19.25407332,2562
19.2758062,2366
19.29753908,2028
19.31927196,2048
19.34100484,1988
19.36273772,1830
19.3844706,1669
19.40620348,1604
19.42793636,1636
19.44966924,1581
19.47140212,1572
19.493135,1510
19.51486788,1472
19.53660076,1406
19.55833364,1382
19.58006652,1382
19.6017994,1411
19.62353228,1316
19.64526516,1324
19.66699804,1316
19.68873092,1336
19.7104638,1431
19.73219668,1306
19.75392956,1323
19.77566244,1301
19.79739532,1273
19.8191282,1219
19.84086108,1356
19.86259396,1296
19.88432684,1256
19.90605972,1204
19.9277926,1298
19.94952548,1270
19.97125836,1271
19.99299124,1225
20.01472412,1242
20.036457,1243
20.05818988,1208
20.07992276,1224
20.10165564,1181
20.12338852,1203
20.1451214,1276
20.16685428,1265
20.18858716,1248
20.21032004,1218
20.23205292,1196
20.2537858,1253
20.27551868,1225
20.29725156,1204
20.31898444,1258
20.34071732,1215
20.3624502,1169
20.38418308,1225
20.40591596,1186
20.42764884,1232
20.44938172,1220
20.4711146,1276
20.49284748,1221
20.51458036,1213
20.53631324,1185
20.55804612,1193
20.579779,1215
20.60151188,1175
20.62324476,1193
20.64497764,1196
20.66671052,1163
20.6884434,1247
20.71017628,1146
20.73190916,1144
20.75364204,1169
20.77537492,1265
20.7971078,1223
20.81884068,1149
20.84057356,1143
20.86230644,1109
20.88403932,1170
20.9057722,1184
20.92750508,1216
20.94923796,1185
20.97097084,1201
20.99270372,1205
21.0144366,1127
21.03616948,1127
21.05790236,1172
21.07963524,1197
21.10136812,1139
21.123101,1223
21.14483388,1274
21.16656676,1111
21.18829964,1183
21.21003252,1195
21.2317654,1264
21.25349828,1159
21.27523116,1153
21.29696404,1179
21.31869692,1151
21.3404298,1166
21.36216268,1202
21.38389556,1151
21.40562844,1105
21.42736132,1165
21.4490942,1106
21.47082708,1076
21.49255996,1226
21.51429284,1168
21.53602572,1185
21.5577586,1180
21.57949148,1174
21.60122436,1124
21.62295724,1159
21.64469012,1197
21.666423,1137
21.68815588,1118
21.70988876,1164
21.73162164,1249
21.75335452,1134
21.7750874,1119
21.79682028,1114
21.81855316,1084
21.84028604,1124
21.86201892,1170
21.8837518,1136
21.90548468,1175
21.92721756,1121
21.94895044,1111
21.97068332,1096
21.9924162,1180
22.01414908,1170
22.03588196,1123
22.05761484,1145
22.07934772,1125
22.1010806,1190
22.12281348,1093
22.14454636,1104
22.16627924,1195
22.18801212,1153
22.209745,1129
22.23147788,1146
22.25321076,1067
22.27494364,1073
22.29667652,1093
22.3184094,1148
22.34014228,1124
22.36187516,1113
22.38360804,1195
22.40534092,1166
22.4270738,1117
22.44880668,1072
22.47053956,1123
22.49227244,1183
22.51400532,1191
22.5357382,1135
22.55747108,1160
22.57920396,1155
22.60093684,1158
22.62266972,1118
22.6444026,1188
22.66613548,1153
22.68786836,1165
22.70960124,1133
22.73133412,1099
22.753067,1145
22.77479988,1119
22.79653276,1119
22.81826564,1132
22.83999852,1110
22.8617314,1140
22.88346428,1117
22.90519716,1185
22.92693004,1129
22.94866292,1125
22.9703958,1148
22.99212868,1101
23.01386156,1093
23.03559444,1129
23.05732732,1150
23.0790602,1136
23.10079308,1177
23.12252596,1134
23.14425884,1078
23.16599172,1171
23.1877246,1167
23.20945748,1079
23.23119036,1087
23.25292324,1092
23.27465612,1185
23.296389,1068
23.31812188,1159
23.33985476,1175
23.36158764,1115
23.38332052,1135
23.4050534,1172
23.42678628,1102
23.44851916,1126
23.47025204,1094
23.49198492,1068
23.5137178,1105
23.53545068,1149
23.55718356,1077
23.57891644,1150
23.60064932,1165
23.6223822,1142
23.64411508,1138
23.66584796,1147
23.68758084,1102
23.70931372,1115
23.7310466,1133
23.75277948,1095
23.77451236,1144
23.79624524,1164
23.81797812,1149
23.839711,1155
23.86144388,1130
23.88317676,1059
23.90490964,1138
23.92664252,1085
23.9483754,1085
23.97010828,1174
23.99184116,1106
24.01357404,1103
24.03530692,1118
24.0570398,1097
24.07877268,1045
24.10050556,1089
24.12223844,1079
24.14397132,1062
24.1657042,1046
24.18743708,1050
24.20916996,1174
24.23090284,1054
24.25263572,1115
24.2743686,1154
24.29610148,1100
24.31783436,1136
24.33956724,1117
24.36130012,1105
24.383033,1087
24.40476588,1148
24.42649876,1112
24.44823164,1106
24.46996452,1081
24.4916974,1083
24.51343028,1081
24.53516316,1109
24.55689604,1063
24.57862892,1075
24.6003618,1148
24.62209468,1042
24.64382756,1066
24.66556044,1101
24.68729332,1131
24.7090262,1103
24.73075908,1076
24.75249196,1094
24.77422484,1076
24.79595772,1101
24.8176906,1097
24.83942348,1105
24.86115636,1062
24.88288924,1115
24.90462212,1072
24.926355,1072
24.94808788,1112
24.96982076,1093
24.99155364,1121
25.01328652,1037
25.0350194,1111
25.05675228,1080
25.07848516,1156
25.10021804,1121
25.12195092,1123
25.1436838,1084
25.16541668,1110
25.18714956,1114
25.20888244,1104
25.23061532,1070
25.2523482,1087
25.27408108,1024
25.29581396,1109
25.31754684,1132
25.33927972,1049
25.3610126,1100
25.38274548,1108
25.40447836,1037
25.42621124,1023
25.44794412,1063
25.469677,1033
25.49140988,1089
25.51314276,1109
25.53487564,1073
25.55660852,1116
25.5783414,1039
25.60007428,1031
25.62180716,1066
25.64354004,1182
25.66527292,1070
25.6870058,1024
25.70873868,1117
25.73047156,1087
25.75220444,1116
25.77393732,1120
25.7956702,1050
25.81740308,1082
25.83913596,1066
25.86086884,1099
25.88260172,1136
25.9043346,1031
25.92606748,1139
25.94780036,1083
25.96953324,1004
25.99126612,1009
26.012999,1076
26.03473188,1047
26.05646476,1126
26.07819764,1150
26.09993052,1102
26.1216634,1103
26.14339628,1019
26.16512916,1095
26.18686204,1065
26.20859492,1100
26.2303278,1111
26.25206068,1087
26.27379356,1055
26.29552644,1043
26.31725932,1045
26.3389922,1120
26.36072508,1055
26.38245796,1067
26.40419084,1068
26.42592372,1080
26.4476566,1098
26.46938948,1051
26.49112236,1081
26.51285524,1074
26.53458812,1078
26.556321,1045
26.57805388,1062
26.59978676,1077
26.62151964,1064
26.64325252,1074
26.6649854,1045
26.68671828,1084
26.70845116,1068
26.73018404,1114
26.75191692,1083
26.7736498,1074
26.79538268,1053
26.81711556,1074
26.83884844,1059
26.86058132,1085
26.8823142,1054
26.90404708,1065
26.92577996,1120
26.94751284,1085
26.96924572,1052
26.9909786,1067
27.01271148,1092
27.03444436,1088
27.05617724,1107
27.07791012,1075
27.099643,1078
27.12137588,1102
27.14310876,1056
27.16484164,1133
27.18657452,1124
27.2083074,984
27.23004028,1035
27.25177316,1095
27.27350604,1064
27.29523892,1074
27.3169718,1111
27.33870468,1053
27.36043756,1036
27.38217044,1043
27.40390332,1043
27.4256362,1081
27.44736908,1110
27.46910196,1074
27.49083484,1044
27.51256772,1089
27.5343006,1113
27.55603348,978
27.57776636,1059
27.59949924,1057
27.62123212,1109
27.642965,1077
27.66469788,1048
27.68643076,1022
27.70816364,1057
27.72989652,1095
27.7516294,1075
27.77336228,1090
27.79509516,1101
27.81682804,1034
27.83856092,1084
27.8602938,1098
27.88202668,1044
27.90375956,1085
27.92549244,1017
27.94722532,1093
27.9689582,1088
27.99069108,999
28.01242396,1053
28.03415684,1082
28.05588972,1113
28.0776226,1077
28.09935548,1089
28.12108836,1104
28.14282124,1031
28.16455412,1055
28.186287,1030
28.20801988,1037
28.22975276,1066
28.25148564,1054
28.27321852,1036
28.2949514,998
28.31668428,1045
28.33841716,1041
28.36015004,1010
28.38188292,1077
28.4036158,1053
28.42534868,1040
28.44708156,1003
28.46881444,1049
28.49054732,1074
28.5122802,994
28.53401308,1025
28.55574596,1048
28.57747884,1041
28.59921172,1071
28.6209446,1079
28.64267748,1072
28.66441036,969
28.68614324,1014
28.70787612,1038
28.729609,1053
28.75134188,983
28.77307476,1058
28.79480764,1062
28.81654052,1025
28.8382734,1111
28.86000628,1127
28.88173916,1018
28.90347204,1092
28.92520492,1070
28.9469378,1081
28.96867068,1065
28.99040356,1000
29.01213644,1036
29.03386932,1085
29.0556022,1077
29.07733508,1015
29.09906796,1026
29.12080084,1026
29.14253372,1081
29.1642666,1085
29.18599948,1123
29.20773236,1056
29.22946524,1079
29.25119812,1039
29.272931,1048
29.29466388,1026
29.31639676,1091
29.33812964,1028
29.35986252,1078
29.3815954,1038
29.40332828,1052
29.42506116,1079
29.44679404,1088
29.46852692,1079
29.4902598,1064
29.51199268,1087
29.53372556,1047
29.55545844,1062
29.57719132,1086
29.5989242,1080
29.62065708,1022
29.64238996,1115
29.66412284,1127
29.68585572,1084
29.7075886,1025
29.72932148,1068
29.75105436,1063
29.77278724,1037
29.79452012,1029
29.816253,1081
29.83798588,1069
29.85971876,1102
29.88145164,1081
29.90318452,1128
29.9249174,1131
29.94665028,1099
29.96838316,1043
29.99011604,1090
30.01184892,1099
30.0335818,1131
30.05531468,1052
30.07704756,1105
30.09878044,1126
30.12051332,1126
30.1422462,1037
30.16397908,1113
30.18571196,1118
30.20744484,1158
30.22917772,1129
30.2509106,1135
30.27264348,1161
30.29437636,1172
30.31610924,1146
30.33784212,1091
30.359575,1159
30.38130788,1170
30.40304076,1104
30.42477364,1193
30.44650652,1196
30.4682394,1180
30.48997228,1206
30.51170516,1096
30.53343804,1125
30.55517092,1129
30.5769038,1167
30.59863668,1172
30.62036956,1196
30.64210244,1125
30.66383532,1189
30.6855682,1229
30.70730108,1175
30.72903396,1217
30.75076684,1198
30.77249972,1193
30.7942326,1252
30.81596548,1198
30.83769836,1306
30.85943124,1238
30.88116412,1209
30.902897,1313
30.92462988,1324
30.94636276,1296
30.96809564,1311
30.98982852,1289
31.0115614,1425
31.03329428,1436
31.05502716,1432
31.07676004,1443
31.09849292,1544
31.1202258,1558
31.14195868,1617
31.16369156,1648
31.18542444,1699
31.20715732,1911
31.2288902,1964
31.25062308,2132
31.27235596,2314
31.29408884,2479
31.31582172,2636
31.3375546,2875
31.35928748,3241
31.38102036,3508
31.40275324,3840
31.42448612,3900
31.446219,3946
31.46795188,3935
31.48968476,3829
31.51141764,3520
31.53315052,3260
31.5548834,2963
31.57661628,2726
31.59834916,2524
31.62008204,2286
31.64181492,2108
31.6635478,1901
31.68528068,1868
31.70701356,1783
31.72874644,1654
31.75047932,1611
31.7722122,1551
31.79394508,1527
31.81567796,1426
31.83741084,1469
31.85914372,1421
31.8808766,1415
31.90260948,1402
31.92434236,1302
31.94607524,1352
31.96780812,1286
31.989541,1275
32.01127388,1261
32.03300676,1291
32.05473964,1205
32.07647252,1231
32.0982054,1246
32.11993828,1194
32.14167116,1223
32.16340404,1174
32.18513692,1253
32.2068698,1187
32.22860268,1160
32.25033556,1100
32.27206844,1129
32.29380132,1190
32.3155342,1146
32.33726708,1161
32.35899996,1150
32.38073284,1163
32.40246572,1151
32.4241986,1120
32.44593148,1124
32.46766436,1176
32.48939724,1144
32.51113012,1169
32.532863,1153
32.55459588,1107
32.57632876,1121
32.59806164,1123
32.61979452,1088
32.6415274,1128
32.66326028,1098
32.68499316,1144
32.70672604,1112
32.72845892,1121
32.7501918,1068
32.77192468,1160
32.79365756,1096
32.81539044,1139
32.83712332,1121
32.8588562,1051
32.88058908,1121
32.90232196,1139
32.92405484,1064
32.94578772,1126
32.9675206,1112
32.98925348,1120
33.01098636,1113
33.03271924,1150
33.05445212,1125
33.076185,1110
33.09791788,1069
33.11965076,1109
33.14138364,1027
33.16311652,1059
33.1848494,1104
33.20658228,1094
33.22831516,1142
33.25004804,1090
33.27178092,1188
33.2935138,1125
33.31524668,1088
33.33697956,1131
33.35871244,1117
33.38044532,1134
33.4021782,1179
33.42391108,1096
33.44564396,1123
33.46737684,1119
33.48910972,1126
33.5108426,1150
33.53257548,1135
33.55430836,1141
33.57604124,1145
33.59777412,1114
33.619507,1182
33.64123988,1127
33.66297276,1112
33.68470564,1073
33.70643852,1159
33.7281714,1144
33.74990428,1161
33.77163716,1176
33.79337004,1160
33.81510292,1213
33.8368358,1173
33.85856868,1119
33.88030156,1041
33.90203444,1164
33.92376732,1086
33.9455002,1137
33.96723308,1097
33.98896596,1137
34.01069884,1133
34.03243172,1097
34.0541646,1142
34.07589748,1201
34.09763036,1152
34.11936324,1126
34.14109612,1096
34.162829,1105
34.18456188,1145
34.20629476,1126
34.22802764,1162
34.24976052,1175
34.2714934,1132
34.29322628,1131
34.31495916,1139
34.33669204,1098
34.35842492,1122
34.3801578,1113
34.40189068,1108
34.42362356,1111
34.44535644,1129
34.46708932,1158
34.4888222,1143
34.51055508,1122
34.53228796,1139
34.55402084,1121
34.57575372,1134
34.5974866,1164
34.61921948,1095
34.64095236,1170
34.66268524,1128
34.68441812,1133
34.706151,1095
34.72788388,1147
34.74961676,1135
34.77134964,1127
34.79308252,1184
34.8148154,1187
34.83654828,1176
34.85828116,1127
34.88001404,1158
34.90174692,1145
34.9234798,1177
34.94521268,1190
34.96694556,1126
34.98867844,1178
35.01041132,1137
35.0321442,1168
35.05387708,1172
35.07560996,1151
35.09734284,1185
35.11907572,1187
35.1408086,1153
35.16254148,1107
35.18427436,1124
35.20600724,1224
35.22774012,1126
35.249473,1174
35.27120588,1233
35.29293876,1191
35.31467164,1171
35.33640452,1184
35.3581374,1199
35.37987028,1240
35.40160316,1205
35.42333604,1152
35.44506892,1185
35.4668018,1225
35.48853468,1215
35.51026756,1200
35.53200044,1228
35.55373332,1189
35.5754662,1183
35.59719908,1240
35.61893196,1254
35.64066484,1298
35.66239772,1288
35.6841306,1288
35.70586348,1305
35.72759636,1285
35.74932924,1309
35.77106212,1378
35.792795,1385
35.81452788,1290
35.83626076,1329
35.85799364,1443
35.87972652,1408
35.9014594,1372
35.92319228,1431
35.94492516,1384
35.96665804,1457
35.98839092,1377
36.0101238,1456
36.03185668,1477
36.05358956,1458
36.07532244,1529
36.09705532,1517
36.1187882,1521
36.14052108,1537
36.16225396,1585
36.18398684,1591
36.20571972,1579
36.2274526,1687
36.24918548,1644
36.27091836,1626
36.29265124,1758
36.31438412,1800
36.336117,1748
36.35784988,1808
36.37958276,1838
36.40131564,1889
36.42304852,1921
36.4447814,1985
36.46651428,2050
36.48824716,2106
36.50998004,2261
36.53171292,2240
36.5534458,2277
36.57517868,2491
36.59691156,2514
36.61864444,2704
36.64037732,2783
36.6621102,2943
36.68384308,3044
36.70557596,3378
36.72730884,3468
36.74904172,3776
36.7707746,4209
36.79250748,4585
36.81424036,5068
36.83597324,5676
36.85770612,6387
36.879439,7215
36.90117188,8233
36.92290476,9724
36.94463764,11274
36.96637052,12656
36.9881034,14064
37.00983628,15713
37.03156916,16653
37.05330204,17021
37.07503492,16986
37.0967678,16659
37.11850068,16008
37.14023356,15036
37.16196644,14129
37.18369932,13010
37.2054322,11980
37.22716508,10891
37.24889796,9955
37.27063084,8992
37.29236372,8338
37.3140966,7499
37.33582948,6930
37.35756236,6068
37.37929524,5270
37.40102812,4706
37.422761,4257
37.44449388,3911
37.46622676,3618
37.48795964,3183
37.50969252,3005
37.5314254,2771
37.55315828,2697
37.57489116,2480
37.59662404,2274
37.61835692,2210
37.6400898,2084
37.66182268,2053
37.68355556,1921
37.70528844,1935
37.72702132,1868
37.7487542,1799
37.77048708,1746
37.79221996,1799
37.81395284,1732
37.83568572,1710
37.8574186,1613
37.87915148,1618
37.90088436,1567
37.92261724,1528
37.94435012,1499
37.966083,1511
37.98781588,1504
38.00954876,1498
38.03128164,1380
38.05301452,1409
38.0747474,1426
38.09648028,1356
38.11821316,1438
38.13994604,1388
38.16167892,1379
38.1834118,1389
38.20514468,1365
38.22687756,1372
38.24861044,1303
38.27034332,1299
38.2920762,1307
38.31380908,1350
38.33554196,1297
38.35727484,1359
38.37900772,1268
38.4007406,1275
38.42247348,1283
38.44420636,1273
38.46593924,1331
38.48767212,1301
38.509405,1265
38.53113788,1364
38.55287076,1314
38.57460364,1301
38.59633652,1357
38.6180694,1359
38.63980228,1324
38.66153516,1364
38.68326804,1413
38.70500092,1356
38.7267338,1402
38.74846668,1468
38.77019956,1446
38.79193244,1425
38.81366532,1412
38.8353982,1290
38.85713108,1405
38.87886396,1280
38.90059684,1319
38.92232972,1278
38.9440626,1253
38.96579548,1236
38.98752836,1264
39.00926124,1267
39.03099412,1217
39.052727,1213
39.07445988,1187
39.09619276,1199
39.11792564,1167
39.13965852,1180
39.1613914,1187
39.18312428,1135
39.20485716,1241
39.22659004,1191
39.24832292,1198
39.2700558,1166
39.29178868,1142
39.31352156,1204
39.33525444,1141
39.35698732,1159
39.3787202,1235
39.40045308,1147
39.42218596,1157
39.44391884,1160
39.46565172,1178
39.4873846,1207
39.50911748,1221
39.53085036,1124
39.55258324,1119
39.57431612,1124
39.596049,1191
39.61778188,1109
39.63951476,1150
39.66124764,1112
39.68298052,1133
39.7047134,1130
39.72644628,1145
39.74817916,1063
39.76991204,1138
39.79164492,1182
39.8133778,1126
39.83511068,1134
39.85684356,1086
39.87857644,1180
39.90030932,1056
39.9220422,1181
39.94377508,1078
39.96550796,1122
39.98724084,1141
40.00897372,1175
40.0307066,1117
40.05243948,1190
40.07417236,1092
40.09590524,1120
40.11763812,1183
40.139371,1160
40.16110388,1112
40.18283676,1158
40.20456964,1141
40.22630252,1130
40.2480354,1151
40.26976828,1066
40.29150116,1058
40.31323404,1136
40.33496692,1117
40.3566998,1161
40.37843268,1130
40.40016556,1115
40.42189844,1164
40.44363132,1088
40.4653642,1176
40.48709708,1178
40.50882996,1119
40.53056284,1157
40.55229572,1148
40.5740286,1176
40.59576148,1136
40.61749436,1109
40.63922724,1101
40.66096012,1110
40.682693,1084
40.70442588,1151
40.72615876,1099
40.74789164,1078
40.76962452,1104
40.7913574,1127
40.81309028,1118
40.83482316,1042
40.85655604,1080
40.87828892,1105
40.9000218,1123
40.92175468,1118
40.94348756,1130
40.96522044,1201
40.98695332,1207
41.0086862,1168
41.03041908,1131
41.05215196,1159
41.07388484,1141
41.09561772,1175
41.1173506,1137
41.13908348,1089
41.16081636,1183
41.18254924,1068
41.20428212,1138
41.226015,1109
41.24774788,1090
41.26948076,1061
41.29121364,1066
41.31294652,1128
41.3346794,1140
41.35641228,1121
41.37814516,1141
41.39987804,1111
41.42161092,1134
41.4433438,1144
41.46507668,1145
41.48680956,1175
41.50854244,1166
41.53027532,1110
41.5520082,1065
41.57374108,1146
41.59547396,1099
41.61720684,1089
41.63893972,1056
41.6606726,1071
41.68240548,1101
41.70413836,1135
41.72587124,1088
41.74760412,1105
41.769337,1138
41.79106988,1171
41.81280276,1127
41.83453564,1173
41.85626852,1181
41.8780014,1124
41.89973428,1166
41.92146716,1143
41.94320004,1158
41.96493292,1163
41.9866658,1213
42.00839868,1159
42.03013156,1189
42.05186444,1204
42.07359732,1194
42.0953302,1153
42.11706308,1219
42.13879596,1142
42.16052884,1153
42.18226172,1220
42.2039946,1210
42.22572748,1159
42.24746036,1072
42.26919324,1219
42.29092612,1220
42.312659,1170
42.33439188,1198
42.35612476,1227
42.37785764,1275
42.39959052,1173
42.4213234,1197
42.44305628,1221
42.46478916,1213
42.48652204,1266
42.50825492,1192
42.5299878,1231
42.55172068,1280
42.57345356,1229
42.59518644,1190
42.61691932,1285
42.6386522,1289
42.66038508,1255
42.68211796,1251
42.70385084,1372
42.72558372,1395
42.7473166,1359
42.76904948,1476
42.79078236,1479
42.81251524,1475
42.83424812,1453
42.855981,1550
42.87771388,1523
42.89944676,1642
42.92117964,1686
42.94291252,1820
42.9646454,1888
42.98637828,1984
43.00811116,2191
43.02984404,2438
43.05157692,2625
43.0733098,2991
43.09504268,3552
43.11677556,4062
43.13850844,4889
43.16024132,5551
43.1819742,6511
43.20370708,7115
43.22543996,7677
43.24717284,7915
43.26890572,7970
43.2906386,7845
43.31237148,7423
43.33410436,7106
43.35583724,6363
43.37757012,5907
43.399303,5329
43.42103588,4576
43.44276876,3877
43.46450164,3399
43.48623452,3078
43.5079674,2681
43.52970028,2401
43.55143316,2353
43.57316604,2163
43.59489892,2053
43.6166318,1799
43.63836468,1753
43.66009756,1720
43.68183044,1630
43.70356332,1536
43.7252962,1508
43.74702908,1453
43.76876196,1479
43.79049484,1506
43.81222772,1389
43.8339606,1347
43.85569348,1331
43.87742636,1393
43.89915924,1362
43.92089212,1322
43.942625,1339
43.96435788,1285
43.98609076,1316
44.00782364,1321
44.02955652,1396
44.0512894,1302
44.07302228,1302
44.09475516,1299
44.11648804,1288
44.13822092,1237
44.1599538,1315
44.18168668,1270
44.20341956,1322
44.22515244,1291
44.24688532,1256
44.2686182,1262
44.29035108,1255
44.31208396,1292
44.33381684,1357
44.35554972,1255
44.3772826,1285
44.39901548,1265
44.42074836,1341
44.44248124,1371
44.46421412,1376
44.485947,1374
44.50767988,1390
44.52941276,1410
44.55114564,1461
44.57287852,1430
44.5946114,1440
44.61634428,1545
44.63807716,1638
44.65981004,1572
44.68154292,1718
44.7032758,1843
44.72500868,1795
44.74674156,1909
44.76847444,2048
44.79020732,2242
44.8119402,2510
44.83367308,2706
44.85540596,3109
44.87713884,3540
44.89887172,4134
44.9206046,5001
44.94233748,5962
44.96407036,6879
44.98580324,7901
45.00753612,8869
45.029269,9640
45.05100188,9773
45.07273476,9509
45.09446764,9139
45.11620052,8206
45.1379334,7520
45.15966628,6980
45.18139916,6205
45.20313204,5330
45.22486492,4466
45.2465978,3777
45.26833068,3220
45.29006356,2680
45.31179644,2370
45.33352932,2113
45.3552622,1989
45.37699508,1819
45.39872796,1806
45.42046084,1676
45.44219372,1584
45.4639266,1576
45.48565948,1459
45.50739236,1383
45.52912524,1387
45.55085812,1385
45.572591,1306
45.59432388,1254
45.61605676,1220
45.63778964,1234
45.65952252,1222
45.6812554,1240
45.70298828,1201
45.72472116,1245
45.74645404,1234
45.76818692,1182
45.7899198,1197
45.81165268,1241
45.83338556,1174
45.85511844,1209
45.87685132,1185
45.8985842,1095
45.92031708,1161
45.94204996,1134
45.96378284,1191
45.98551572,1165
46.0072486,1171
46.02898148,1071
46.05071436,1137
46.07244724,1090
46.09418012,1108
46.115913,1156
46.13764588,1105
46.15937876,1126
46.18111164,1108
46.20284452,1081
46.2245774,1114
46.24631028,1145
46.26804316,1150
46.28977604,1100
46.31150892,1113
46.3332418,1114
46.35497468,1169
46.37670756,1125
46.39844044,1096
46.42017332,1118
46.4419062,1118
46.46363908,1071
46.48537196,1044
46.50710484,1068
46.52883772,1084
46.5505706,1123
46.57230348,1128
46.59403636,1120
46.61576924,1067
46.63750212,1092
46.659235,1027
46.68096788,1041
46.70270076,1071
46.72443364,1109
46.74616652,1164
46.7678994,1059
46.78963228,1105
46.81136516,1054
46.83309804,1052
46.85483092,1075
46.8765638,1101
46.89829668,1054
46.92002956,1106
46.94176244,1054
46.96349532,1077
46.9852282,1036
47.00696108,1074
47.02869396,1059
47.05042684,1084
47.07215972,1053
47.0938926,1047
47.11562548,1087
47.13735836,1040
47.15909124,1061
47.18082412,1130
47.202557,1042
47.22428988,1110
47.24602276,1037
47.26775564,1064
47.28948852,1025
47.3112214,1057
47.33295428,1036
47.35468716,1078
47.37642004,1035
47.39815292,1063
47.4198858,1061
47.44161868,1078
47.46335156,1040
47.48508444,1081
47.50681732,1031
47.5285502,1045
47.55028308,1110
47.57201596,1026
47.59374884,1046
47.61548172,1087
47.6372146,1049
47.65894748,1044
47.68068036,1089
47.70241324,1038
47.72414612,1064
47.745879,1062
47.76761188,1045
47.78934476,1015
47.81107764,1085
47.83281052,1059
47.8545434,1083
47.87627628,1089
47.89800916,1074
47.91974204,1078
47.94147492,1013
47.9632078,1055
47.98494068,1031
48.00667356,1070
48.02840644,1113
48.05013932,1063
48.0718722,1075
48.09360508,1031
48.11533796,1096
48.13707084,1026
48.15880372,1056
48.1805366,1016
48.20226948,1082
48.22400236,1026
48.24573524,1021
48.26746812,983
48.289201,987
48.31093388,1061
48.33266676,1051
48.35439964,1060
48.37613252,1063
48.3978654,1069
48.41959828,1025
48.44133116,1074
48.46306404,1068
48.48479692,1146
48.5065298,1064
48.52826268,1052
48.54999556,1050
48.57172844,1017
48.59346132,1003
48.6151942,1063
48.63692708,1036
48.65865996,1030
48.68039284,1017
48.70212572,1091
48.7238586,1050
48.74559148,1098
48.76732436,1111
48.78905724,1113
48.81079012,1081
48.832523,1026
48.85425588,1068
48.87598876,1059
48.89772164,1067
48.91945452,1057
48.9411874,1001
48.96292028,1073
48.98465316,1063
49.00638604,1067
49.02811892,1101
49.0498518,1091
49.07158468,1078
49.09331756,1114
49.11505044,1068
49.13678332,1066
49.1585162,1073
49.18024908,1134
49.20198196,1132
49.22371484,1122
49.24544772,1223
49.2671806,1154
49.28891348,1116
49.31064636,1182
49.33237924,1219
49.35411212,1220
49.375845,1217
49.39757788,1210
49.41931076,1208
49.44104364,1190
49.46277652,1211
49.4845094,1123
49.50624228,1106
49.52797516,1153
49.54970804,1085
49.57144092,1102
49.5931738,1121
49.61490668,1062
49.63663956,1034
49.65837244,1086
49.68010532,1033
49.7018382,1112
49.72357108,1071
49.74530396,1023
49.76703684,1002
49.78876972,1006
49.8105026,1057
49.83223548,1053
49.85396836,1061
49.87570124,1030
49.89743412,1081
49.919167,1056
49.94089988,1005
49.96263276,1014
49.98436564,1010
50.00609852,1035
50.0278314,997
50.04956428,965
50.07129716,992
50.09303004,928
50.11476292,995
50.1364958,1030
50.15822868,1056
50.17996156,1022
50.20169444,996
50.22342732,1033
50.2451602,999
50.26689308,1041
50.28862596,980
50.31035884,1034
50.33209172,999
50.3538246,1042
50.37555748,993
50.39729036,966
50.41902324,999
50.44075612,1027
50.462489,1019
50.48422188,971
50.50595476,980
50.52768764,1035
50.54942052,1003
50.5711534,918
50.59288628,985
50.61461916,1022
50.63635204,984
50.65808492,1023
50.6798178,1058
50.70155068,1007
50.72328356,1016
50.74501644,1025
50.76674932,1043
50.7884822,1023
50.81021508,974
50.83194796,1040
50.85368084,987
50.87541372,1043
50.8971466,1035
50.91887948,950
50.94061236,1001
50.96234524,1003
50.98407812,997
51.005811,998
51.02754388,1019
51.04927676,1016
51.07100964,1048
51.09274252,1030
51.1144754,1000
51.13620828,972
51.15794116,1079
51.17967404,1001
51.20140692,1017
51.2231398,1032
51.24487268,982
51.26660556,1051
51.28833844,1019
51.31007132,1066
51.3318042,989
51.35353708,1028
51.37526996,1061
51.39700284,1021
51.41873572,911
51.4404686,1025
51.46220148,1064
51.48393436,1049
51.50566724,1012
51.52740012,1005
51.549133,1051
51.57086588,998
51.59259876,1000
51.61433164,1021
51.63606452,958
51.6577974,1006
51.67953028,952
51.70126316,996
51.72299604,1041
51.74472892,1040
51.7664618,965
51.78819468,1075
51.80992756,1049
51.83166044,1052
51.85339332,1021
51.8751262,1004
51.89685908,1027
51.91859196,1009
51.94032484,1025
51.96205772,1000
51.9837906,1001
52.00552348,1045
52.02725636,1040
52.04898924,938
52.07072212,1069
52.092455,998
52.11418788,1020
52.13592076,983
52.15765364,944
52.17938652,1013
52.2011194,1009
52.22285228,1044
52.24458516,1001
52.26631804,1045
52.28805092,1035
52.3097838,929
52.33151668,965
52.35324956,1024
52.37498244,1049
52.39671532,982
52.4184482,986
52.44018108,1001
52.46191396,1038
52.48364684,1091
52.50537972,1023
52.5271126,967
52.54884548,1042
52.57057836,998
52.59231124,1034
52.61404412,1032
52.635777,1021
52.65750988,968
52.67924276,1039
52.70097564,969
52.72270852,1020
52.7444414,1003
52.76617428,1021
52.78790716,932
52.80964004,1044
52.83137292,985
52.8531058,978
52.87483868,987
52.89657156,1030
52.91830444,979
52.94003732,1016
52.9617702,971
52.98350308,1009
53.00523596,966
53.02696884,1028
53.04870172,1021
53.0704346,968
53.09216748,996
53.11390036,963
53.13563324,978
53.15736612,1007
53.179099,993
53.20083188,1011
53.22256476,968
53.24429764,1042
53.26603052,1056
53.2877634,956
53.30949628,969
53.33122916,1018
53.35296204,1000
53.37469492,1038
53.3964278,1001
53.41816068,999
53.43989356,971
53.46162644,1011
53.48335932,1026
53.5050922,994
53.52682508,1003
53.54855796,1001
53.57029084,968
53.59202372,1049
53.6137566,1019
53.63548948,970
53.65722236,999
53.67895524,966
53.70068812,982
53.722421,1002
53.74415388,988
53.76588676,1025
53.78761964,1005
53.80935252,1032
53.8310854,990
53.85281828,1018
53.87455116,991
53.89628404,982
53.91801692,978
53.9397498,985
53.96148268,1011
53.98321556,1027
54.00494844,1054
54.02668132,1010
54.0484142,977
54.07014708,962
54.09187996,1004
54.11361284,1084
54.13534572,1031
54.1570786,1016
54.17881148,982
54.20054436,1010
54.22227724,1048
54.24401012,967
54.265743,1015
54.28747588,1005
54.30920876,1005
54.33094164,1033
54.35267452,1029
54.3744074,1039
54.39614028,1003
54.41787316,1020
54.43960604,1023
54.46133892,986
54.4830718,1002
54.50480468,1000
54.52653756,998
54.54827044,1000
54.57000332,1046
54.5917362,1005
54.61346908,989
54.63520196,1019
54.65693484,1012
54.67866772,993
54.7004006,998
54.72213348,1066
54.74386636,1014
54.76559924,1060
54.78733212,1089
54.809065,1071
54.83079788,1003
54.85253076,1105
54.87426364,1068
54.89599652,1051
54.9177294,1098
54.93946228,1002
54.96119516,1025
54.98292804,1026
55.00466092,1057
55.0263938,1026
55.04812668,1028
55.06985956,1037
55.09159244,972
55.11332532,1009
55.1350582,1031
55.15679108,1041
55.17852396,1033
55.20025684,1026
55.22198972,1059
55.2437226,987
55.26545548,1093
55.28718836,1046
55.30892124,1050
55.33065412,1129
55.352387,1040
55.37411988,1064
55.39585276,1095
55.41758564,1020
55.43931852,1038
55.4610514,1093
55.48278428,1071
55.50451716,1130
55.52625004,1161
55.54798292,1126
55.5697158,1176
55.59144868,1144
55.61318156,1168
55.63491444,1203
55.65664732,1138
55.6783802,1216
55.70011308,1241
55.72184596,1258
55.74357884,1284
55.76531172,1323
55.7870446,1295
55.80877748,1452
55.83051036,1556
55.85224324,1564
55.87397612,1512
55.895709,1661
55.91744188,1727
55.93917476,1689
55.96090764,1773
55.98264052,1755
56.0043734,1764
56.02610628,1758
56.04783916,1637
56.06957204,1606
56.09130492,1559
56.1130378,1495
56.13477068,1552
56.15650356,1408
56.17823644,1386
56.19996932,1398
56.2217022,1349
56.24343508,1368
56.26516796,1265
56.28690084,1149
56.30863372,1197
56.3303666,1219
56.35209948,1220
56.37383236,1137
56.39556524,1108
56.41729812,1119
56.439031,1102
56.46076388,1006
56.48249676,1149
56.50422964,1099
56.52596252,1119
56.5476954,1117
56.56942828,1083
56.59116116,1110
56.61289404,1029
56.63462692,1086
56.6563598,1043
56.67809268,1070
56.69982556,1083
56.72155844,1088
56.74329132,1079
56.7650242,1015
56.78675708,1002
56.80848996,996
56.83022284,1015
56.85195572,1036
56.8736886,1045
56.89542148,1078
56.91715436,1010
56.93888724,1057
56.96062012,1062
56.982353,1019
57.00408588,1023
57.02581876,1093
57.04755164,1108
57.06928452,1042
57.0910174,1022
57.11275028,987
57.13448316,996
57.15621604,1041
57.17794892,1000
57.1996818,1101
57.22141468,1016
57.24314756,1049
57.26488044,963
57.28661332,1004
57.3083462,1012
57.33007908,1016
57.35181196,1085
57.37354484,1017
57.39527772,1085
57.4170106,1033
57.43874348,1038
57.46047636,1021
57.48220924,1018
57.50394212,1045
57.525675,975
57.54740788,1070
57.56914076,1052
57.59087364,1052
57.61260652,1050
57.6343394,1054
57.65607228,1074
57.67780516,1045
57.69953804,1061
57.72127092,1095
57.7430038,1078
57.76473668,1044
57.78646956,1054
57.80820244,1071
57.82993532,1056
57.8516682,1071
57.87340108,1086
57.89513396,1053
57.91686684,1044
57.93859972,1002
57.9603326,1088
57.98206548,1005
58.00379836,1073
58.02553124,1135
58.04726412,1073
58.068997,1030
58.09072988,1069
58.11246276,1155
58.13419564,1105
58.15592852,1066
58.1776614,1045
58.19939428,1071
58.22112716,1042
58.24286004,1054
58.26459292,1088
58.2863258,1088
58.30805868,1111
58.32979156,1036
58.35152444,1024
58.37325732,1151
58.3949902,1052
58.41672308,1091
58.43845596,1085
58.46018884,1194
58.48192172,1055
58.5036546,1088
58.52538748,1070
58.54712036,1124
58.56885324,1036
58.59058612,1124
58.612319,1163
58.63405188,1176
58.65578476,1092
58.67751764,1100
58.69925052,1158
58.7209834,1077
58.74271628,1033
58.76444916,1136
58.78618204,1105
58.80791492,1184
58.8296478,1174
58.85138068,1183
58.87311356,1184
58.89484644,1206
58.91657932,1174
58.9383122,1173
58.96004508,1209
58.98177796,1243
59.00351084,1246
59.02524372,1253
59.0469766,1303
59.06870948,1278
59.09044236,1229
59.11217524,1297
59.13390812,1272
59.155641,1397
59.17737388,1362
59.19910676,1300
59.22083964,1395
59.24257252,1434
59.2643054,1519
59.28603828,1478
59.30777116,1550
59.32950404,1584
59.35123692,1717
59.3729698,1857
59.39470268,1863
59.41643556,1911
59.43816844,2019
59.45990132,2249
59.4816342,2256
59.50336708,2446
59.52509996,2811
59.54683284,3089
59.56856572,3225
59.5902986,3568
59.61203148,3904
59.63376436,4232
59.65549724,4445
59.67723012,4574
59.698963,4404
59.72069588,4397
59.74242876,4248
59.76416164,4204
59.78589452,3929
59.8076274,3848
59.82936028,3643
59.85109316,3456
59.87282604,3319
59.89455892,3051
59.9162918,2890
59.93802468,2523
59.95975756,2432
59.98149044,2160
60.00322332,2109
60.0249562,2028
60.04668908,1899
60.06842196,1752
60.09015484,1736
60.11188772,1639
60.1336206,1626
60.15535348,1515
60.17708636,1510
60.19881924,1431
60.22055212,1460
60.242285,1323
60.26401788,1389
60.28575076,1284
60.30748364,1291
60.32921652,1306
60.3509494,1253
60.37268228,1234
60.39441516,1265
60.41614804,1254
60.43788092,1281
60.4596138,1172
60.48134668,1233
60.50307956,1231
60.52481244,1245
60.54654532,1198
60.5682782,1206
60.59001108,1117
60.61174396,1100
60.63347684,1178
60.65520972,1170
60.6769426,1132
60.69867548,1131
60.72040836,1133
60.74214124,1150
60.76387412,1123
60.785607,1133
60.80733988,1078
60.82907276,1131
60.85080564,1110
60.87253852,1120
60.8942714,1096
60.91600428,1118
60.93773716,1139
60.95947004,1088
60.98120292,1076
61.0029358,1086
61.02466868,1088
61.04640156,1025
61.06813444,1027
61.08986732,1061
61.1116002,1076
61.13333308,1086
61.15506596,1095
61.17679884,1074
61.19853172,1061
61.2202646,1042
61.24199748,1035
61.26373036,1077
61.28546324,1128
61.30719612,1038
61.328929,1040
61.35066188,1078
61.37239476,1073
61.39412764,1054
61.41586052,1055
61.4375934,1082
61.45932628,1053
61.48105916,1070
61.50279204,1039
61.52452492,1076
61.5462578,1069
61.56799068,1025
61.58972356,1016
61.61145644,1058
61.63318932,1051
61.6549222,1077
61.67665508,1028
61.69838796,1070
61.72012084,1039
61.74185372,1117
61.7635866,1108
61.78531948,1034
61.80705236,1038
61.82878524,1042
61.85051812,1086
61.872251,1026
61.89398388,1036
61.91571676,1043
61.93744964,1054
61.95918252,1048
61.9809154,1120
62.00264828,1099
62.02438116,1071
62.04611404,1092
62.06784692,1064
62.0895798,1042
62.11131268,1108
62.13304556,1043
62.15477844,1031
62.17651132,1044
62.1982442,1149
62.21997708,1117
62.24170996,1092
62.26344284,1103
62.28517572,1193
62.3069086,1174
62.32864148,1194
62.35037436,1221
62.37210724,1244
62.39384012,1270
62.415573,1288
62.43730588,1273
62.45903876,1358
62.48077164,1378
62.50250452,1396
62.5242374,1433
62.54597028,1547
62.56770316,1653
62.58943604,1822
62.61116892,1940
62.6329018,2141
62.65463468,2348
62.67636756,2668
62.69810044,2903
62.71983332,3073
62.7415662,3191
62.76329908,3395
62.78503196,3398
62.80676484,3512
62.82849772,3529
62.8502306,3395
62.87196348,3391
62.89369636,3503
62.91542924,3432
62.93716212,3307
62.958895,3113
62.98062788,3056
63.00236076,2920
63.02409364,2641
63.04582652,2502
63.0675594,2259
63.08929228,2165
63.11102516,2080
63.13275804,1961
63.15449092,1843
63.1762238,1748
63.19795668,1616
63.21968956,1546
63.24142244,1522
63.26315532,1395
63.2848882,1321
63.30662108,1277
63.32835396,1320
63.35008684,1299
63.37181972,1215
63.3935526,1264
63.41528548,1196
63.43701836,1130
63.45875124,1197
63.48048412,1203
63.502217,1190
63.52394988,1168
63.54568276,1160
63.56741564,1157
63.58914852,1139
63.6108814,1118
63.63261428,1109
63.65434716,1118
63.67608004,1124
63.69781292,1107
63.7195458,1072
63.74127868,1081
63.76301156,1091
63.78474444,1089
63.80647732,1069
63.8282102,1059
63.84994308,1105
63.87167596,1058
63.89340884,1054
63.91514172,1068
63.9368746,1105
63.95860748,1123
63.98034036,1033
64.00207324,1041
64.02380612,1070
64.045539,1100
64.06727188,1162
64.08900476,1099
64.11073764,1076
64.13247052,1041
64.1542034,1030
64.17593628,1040
64.19766916,1016
64.21940204,1023
64.24113492,1135
64.2628678,1068
64.28460068,1077
64.30633356,1073
64.32806644,1039
64.34979932,1045
64.3715322,1038
64.39326508,1076
64.41499796,1092
64.43673084,1054
64.45846372,1054
64.4801966,1126
64.50192948,1114
64.52366236,1101
64.54539524,1060
64.56712812,1098
64.588861,1071
64.61059388,1083
64.63232676,1087
64.65405964,1109
64.67579252,1129
64.6975254,1227
64.71925828,1121
64.74099116,1149
64.76272404,1066
64.78445692,1158
64.8061898,1119
64.82792268,1182
64.84965556,1134
64.87138844,1199
64.89312132,1196
64.9148542,1141
64.93658708,1171
64.95831996,1231
64.98005284,1187
65.00178572,1342
65.0235186,1289
65.04525148,1335
65.06698436,1272
65.08871724,1373
65.11045012,1391
65.132183,1461
65.15391588,1490
65.17564876,1605
65.19738164,1639
65.21911452,1693
65.2408474,1830
65.26258028,1972
65.28431316,2054
65.30604604,2179
65.32777892,2458
65.3495118,2529
65.37124468,2956
65.39297756,3444
65.41471044,3914
65.43644332,4493
65.4581762,5327
65.47990908,6159
65.50164196,6983
65.52337484,8057
65.54510772,8960
65.5668406,9459
65.58857348,9558
65.61030636,9479
65.63203924,8910
65.65377212,8235
65.675505,7621
65.69723788,7179
65.71897076,6856
65.74070364,6472
65.76243652,6310
65.7841694,6008
65.80590228,5435
65.82763516,4683
65.84936804,4025
65.87110092,3466
65.8928338,3058
65.91456668,2616
65.93629956,2329
65.95803244,2174
65.97976532,1957
66.0014982,1827
66.02323108,1723
66.04496396,1523
66.06669684,1529
66.08842972,1466
66.1101626,1423
66.13189548,1296
66.15362836,1315
66.17536124,1342
66.19709412,1284
66.218827,1199
66.24055988,1176
66.26229276,1205
66.28402564,1146
66.30575852,1117
66.3274914,1211
66.34922428,1099
66.37095716,1102
66.39269004,1159
66.41442292,1156
66.4361558,1132
66.45788868,1079
66.47962156,1124
66.50135444,1094
66.52308732,1068
66.5448202,1112
66.56655308,1103
66.58828596,1115
66.61001884,1022
66.63175172,1016
66.6534846,991
66.67521748,1066
66.69695036,1063
66.71868324,1050
66.74041612,1104
66.762149,1065
66.78388188,1021
66.80561476,1041
66.82734764,1077
66.84908052,1018
66.8708134,1128
66.89254628,1006
66.91427916,997
66.93601204,1039
66.95774492,1015
66.9794778,944
67.00121068,1000
67.02294356,1037
67.04467644,1041
67.06640932,987
67.0881422,972
67.10987508,1025
67.13160796,967
67.15334084,1015
67.17507372,993
67.1968066,1029
67.21853948,1059
67.24027236,1000
67.26200524,1050
67.28373812,1030
67.305471,1072
67.32720388,1064
67.34893676,964
67.37066964,1015
67.39240252,1009
67.4141354,994
67.43586828,1018
67.45760116,1010
67.47933404,984
67.50106692,968
67.5227998,982
67.54453268,967
67.56626556,1017
67.58799844,1003
67.60973132,999
67.6314642,1018
67.65319708,1023
67.67492996,1030
67.69666284,990
67.71839572,988
67.7401286,996
67.76186148,1003
67.78359436,1020
67.80532724,986
67.82706012,966
67.848793,949
67.87052588,1000
67.89225876,995
67.91399164,971
67.93572452,998
67.9574574,982
67.97919028,1014
68.00092316,1034
68.02265604,977
68.04438892,945
68.0661218,971
68.08785468,993
68.10958756,1018
68.13132044,1011
68.15305332,1010
68.1747862,1011
68.19651908,1042
68.21825196,940
68.23998484,961
68.26171772,1030
68.2834506,1023
68.30518348,1015
68.32691636,985
68.34864924,984
68.37038212,1014
68.392115,1019
68.41384788,971
68.43558076,983
68.45731364,971
68.47904652,1003
68.5007794,994
68.52251228,984
68.54424516,997
68.56597804,1042
68.58771092,1019
68.6094438,1033
68.63117668,1023
68.65290956,1084
68.67464244,967
68.69637532,1043
68.7181082,1045
68.73984108,1029
68.76157396,1091
68.78330684,1052
68.80503972,1049
68.8267726,1166
68.84850548,1126
68.87023836,1157
68.89197124,1175
68.91370412,1193
68.935437,1263
68.95716988,1245
68.97890276,1214
69.00063564,1200
69.02236852,1193
69.0441014,1226
69.06583428,1223
69.08756716,1170
69.10930004,1252
69.13103292,1198
69.1527658,1140
69.17449868,1098
69.19623156,1105
69.21796444,1109
69.23969732,1152
69.2614302,1082
69.28316308,1053
69.30489596,1103
69.32662884,1090
69.34836172,1023
69.3700946,1036
69.39182748,1052
69.41356036,1009
69.43529324,1005
69.45702612,978
69.478759,927
69.50049188,988
69.52222476,979
69.54395764,972
69.56569052,985
69.5874234,944
69.60915628,993
69.63088916,977
69.65262204,1018
69.67435492,977
69.6960878,922
69.71782068,967
69.73955356,1010
69.76128644,961
69.78301932,1040
69.8047522,965
69.82648508,954
69.84821796,960
69.86995084,968
69.89168372,967
69.9134166,904
69.93514948,925
69.95688236,965
69.97861524,956
70.00034812,1014
70.022081,986
70.04381388,1045
70.06554676,949
70.08727964,1000
70.10901252,934
70.1307454,950
70.15247828,952
70.17421116,950
70.19594404,929
70.21767692,986
70.2394098,974
70.26114268,951
70.28287556,935
70.30460844,964
70.32634132,972
70.3480742,984
70.36980708,920
70.39153996,1003
70.41327284,901
70.43500572,1015
70.4567386,988
70.47847148,964
70.50020436,973
70.52193724,980
70.54367012,1038
70.565403,967
70.58713588,943
70.60886876,937
70.63060164,944
70.65233452,920
70.6740674,910
70.69580028,981
70.71753316,945
70.73926604,934
70.76099892,979
70.7827318,904
70.80446468,965
70.82619756,1016
70.84793044,939
70.86966332,926
70.8913962,934
70.91312908,987
70.93486196,983
70.95659484,950
70.97832772,973
71.0000606,923
71.02179348,865
71.04352636,990
71.06525924,1037
71.08699212,949
71.108725,1013
71.13045788,1005
71.15219076,900
71.17392364,948
71.19565652,965
71.2173894,885
71.23912228,1013
71.26085516,993
71.28258804,930
71.30432092,944
71.3260538,991
71.34778668,942
71.36951956,975
71.39125244,913
71.41298532,956
71.4347182,958
71.45645108,978
71.47818396,930
71.49991684,975
71.52164972,974
71.5433826,940
71.56511548,949
71.58684836,944
71.60858124,1003
71.63031412,1004
71.652047,981
71.67377988,936
71.69551276,961
71.71724564,991
71.73897852,979
71.7607114,993
71.78244428,945
71.80417716,1015
71.82591004,960
71.84764292,970
71.8693758,914
71.89110868,915
71.91284156,980
71.93457444,967
71.95630732,961
71.9780402,966
71.99977308,985
72.02150596,967
72.04323884,967
72.06497172,940
72.0867046,971
72.10843748,994
72.13017036,955
72.15190324,979
72.17363612,891
72.195369,900
72.21710188,980
72.23883476,957
72.26056764,974
72.28230052,956
72.3040334,863
72.32576628,967
72.34749916,964
72.36923204,933
72.39096492,941
72.4126978,939
72.43443068,952
72.45616356,963
72.47789644,992
72.49962932,957
72.5213622,940
72.54309508,983
72.56482796,938
72.58656084,911
72.60829372,900
72.6300266,966
72.65175948,890
72.67349236,971
72.69522524,896
72.71695812,974
72.738691,979
72.76042388,956
72.78215676,921
72.80388964,967
72.82562252,940
72.8473554,968
72.86908828,934
72.89082116,957
72.91255404,970
72.93428692,937
72.9560198,934
72.97775268,952
72.99948556,981
73.02121844,941
73.04295132,927
73.0646842,906
73.08641708,933
73.10814996,949
73.12988284,955
73.15161572,982
73.1733486,975
73.19508148,958
73.21681436,944
73.23854724,944
73.26028012,956
73.282013,910
73.30374588,914
73.32547876,964
73.34721164,936
73.36894452,978
73.3906774,977
73.41241028,952
73.43414316,967
73.45587604,1004
73.47760892,982
73.4993418,975
73.52107468,1013
73.54280756,949
73.56454044,939
73.58627332,975
73.6080062,978
73.62973908,978
73.65147196,964
73.67320484,994
73.69493772,995
73.7166706,933
73.73840348,1008
73.76013636,928
73.78186924,936
73.80360212,955
73.825335,1006
73.84706788,979
73.86880076,975
73.89053364,1002
73.91226652,1036
73.9339994,953
73.95573228,976
73.97746516,1003
73.99919804,991
74.02093092,935
74.0426638,980
74.06439668,1033
74.08612956,996
74.10786244,992
74.12959532,1069
74.1513282,1054
74.17306108,1076
74.19479396,976
74.21652684,1049
74.23825972,1025
74.2599926,1046
74.28172548,1008
74.30345836,1093
74.32519124,1123
74.34692412,1111
74.368657,1122
74.39038988,1175
74.41212276,1120
74.43385564,1093
74.45558852,1190
74.4773214,1157
74.49905428,1210
74.52078716,1213
74.54252004,1230
74.56425292,1271
74.5859858,1219
74.60771868,1249
74.62945156,1161
74.65118444,1210
74.67291732,1189
74.6946502,1185
74.71638308,1204
74.73811596,1176
74.75984884,1182
74.78158172,1136
74.8033146,1146
74.82504748,1129
74.84678036,1170
74.86851324,1157
74.89024612,1139
74.911979,1118
74.93371188,1149
74.95544476,1098
74.97717764,1105
74.99891052,1133
75.0206434,1102
75.04237628,1249
75.06410916,1211
75.08584204,1287
75.10757492,1299
75.1293078,1324
75.15104068,1439
75.17277356,1534
75.19450644,1611
75.21623932,1649
75.2379722,1768
75.25970508,1814
75.28143796,1722
75.30317084,1715
75.32490372,1788
75.3466366,1838
75.36836948,1737
75.39010236,1754
75.41183524,1761
75.43356812,1664
75.455301,1717
75.47703388,1686
75.49876676,1634
75.52049964,1588
75.54223252,1611
75.5639654,1486
75.58569828,1504
75.60743116,1484
75.62916404,1434
75.65089692,1297
75.6726298,1275
75.69436268,1304
75.71609556,1240
75.73782844,1218
75.75956132,1159
75.7812942,1092
75.80302708,1084
75.82475996,1136
75.84649284,1123
75.86822572,1055
75.8899586,1064
75.91169148,1102
75.93342436,1079
75.95515724,1051
75.97689012,1072
75.998623,1092
76.02035588,1079
76.04208876,1041
76.06382164,1031
76.08555452,986
76.1072874,991
76.12902028,1062
76.15075316,1003
76.17248604,980
76.19421892,1013
76.2159518,987
76.23768468,981
76.25941756,990
76.28115044,953
76.30288332,963
76.3246162,967
76.34634908,979
76.36808196,954
76.38981484,1019
76.41154772,995
76.4332806,965
76.45501348,958
76.47674636,988
76.49847924,982
76.52021212,992
76.541945,951
76.56367788,981
76.58541076,992
76.60714364,1005
76.62887652,1013
76.6506094,962
76.67234228,1007
76.69407516,984
76.71580804,947
76.73754092,955
76.7592738,975
76.78100668,976
76.80273956,1020
76.82447244,1006
76.84620532,1035
76.8679382,976
76.88967108,979
76.91140396,951
76.93313684,982
76.95486972,997
76.9766026,972
76.99833548,1034
77.02006836,962
77.04180124,1005
77.06353412,1018
77.085267,1038
77.10699988,1051
77.12873276,1072
77.15046564,1044
77.17219852,1030
77.1939314,1084
77.21566428,1034
77.23739716,1128
77.25913004,1109
77.28086292,1054
77.3025958,1035
77.32432868,1068
77.34606156,1095
77.36779444,1046
77.38952732,1124
77.4112602,1169
77.43299308,1129
77.45472596,1154
77.47645884,1166
77.49819172,1234
77.5199246,1193
77.54165748,1236
77.56339036,1241
77.58512324,1349
77.60685612,1469
77.628589,1495
77.65032188,1504
77.67205476,1650
77.69378764,1704
77.71552052,1766
77.7372534,1849
77.75898628,1806
77.78071916,1807
77.80245204,1765
77.82418492,1812
77.8459178,1817
77.86765068,1747
77.88938356,1708
77.91111644,1666
77.93284932,1640
77.9545822,1692
77.97631508,1604
77.99804796,1566
78.01978084,1522
78.04151372,1469
78.0632466,1497
78.08497948,1358
78.10671236,1294
78.12844524,1313
78.15017812,1302
78.171911,1175
78.19364388,1174
78.21537676,1147
78.23710964,1176
78.25884252,1090
78.2805754,1081
78.30230828,1139
78.32404116,1114
78.34577404,1091
78.36750692,1132
78.3892398,1067
78.41097268,1055
78.43270556,1096
78.45443844,1076
78.47617132,1085
78.4979042,969
78.51963708,1056
78.54136996,1136
78.56310284,1024
78.58483572,1080
78.6065686,1108
78.62830148,1063
78.65003436,1147
78.67176724,1143
78.69350012,1177
78.715233,1199
78.73696588,1262
78.75869876,1242
78.78043164,1302
78.80216452,1327
78.8238974,1315
78.84563028,1394
78.86736316,1360
78.88909604,1351
78.91082892,1316
78.9325618,1301
78.95429468,1292
78.97602756,1256
78.99776044,1356
79.01949332,1303
79.0412262,1382
79.06295908,1402
79.08469196,1409
79.10642484,1401
79.12815772,1485
79.1498906,1509
79.17162348,1479
79.19335636,1488
79.21508924,1545
79.23682212,1490
79.258555,1590
79.28028788,1486
79.30202076,1542
79.32375364,1573
79.34548652,1519
79.3672194,1544
79.38895228,1472
79.41068516,1589
79.43241804,1505
79.45415092,1498
79.4758838,1473
79.49761668,1351
79.51934956,1439
79.54108244,1355
79.56281532,1326
79.5845482,1327
79.60628108,1299
79.62801396,1230
79.64974684,1288
79.67147972,1246
79.6932126,1152
79.71494548,1160
79.73667836,1135
79.75841124,1145
79.78014412,1090
79.801877,1123
79.82360988,1068
79.84534276,1089
79.86707564,1066
79.88880852,1042
79.9105414,1048
79.93227428,1014
79.95400716,990
79.97574004,1017
79.99747292,967
80.0192058,985
80.04093868,992
80.06267156,982
80.08440444,978
80.10613732,1015
80.1278702,979
80.14960308,903
80.17133596,967
80.19306884,968
80.21480172,1036
80.2365346,978
80.25826748,998
80.28000036,1001
80.30173324,949
80.32346612,929
80.345199,1030
80.36693188,947
80.38866476,951
80.41039764,970
80.43213052,940
80.4538634,950
80.47559628,945
80.49732916,998
80.51906204,889
80.54079492,932
80.5625278,973
80.58426068,975
80.60599356,925
80.62772644,962
80.64945932,943
80.6711922,946
80.69292508,971
80.71465796,951
80.73639084,992
80.75812372,922
80.7798566,984
80.80158948,967
80.82332236,924
80.84505524,972
80.86678812,921
80.888521,930
80.91025388,947
80.93198676,960
80.95371964,920
80.97545252,935
80.9971854,969
81.01891828,920
81.04065116,926
81.06238404,964
81.08411692,966
81.1058498,940
81.12758268,978
81.14931556,903
81.17104844,960
81.19278132,963
81.2145142,961
81.23624708,946
81.25797996,884
81.27971284,912
81.30144572,880
81.3231786,939
81.34491148,977
81.36664436,933
81.38837724,946
81.41011012,934
81.431843,969
81.45357588,934
81.47530876,909
81.49704164,959
81.51877452,981
81.5405074,961
81.56224028,943
81.58397316,905
81.60570604,930
81.62743892,925
81.6491718,977
81.67090468,911
81.69263756,958
81.71437044,921
81.73610332,909
81.7578362,874
81.77956908,969
81.80130196,919
81.82303484,941
81.84476772,971
81.8665006,927
81.88823348,955
81.90996636,931
81.93169924,889
81.95343212,937
81.975165,957
81.99689788,941
82.01863076,985
82.04036364,954
82.06209652,899
82.0838294,888
82.10556228,926
82.12729516,1016
82.14902804,900
82.17076092,932
82.1924938,980
82.21422668,913
82.23595956,963
82.25769244,921
82.27942532,911
82.3011582,969
82.32289108,903
82.34462396,921
82.36635684,970
82.38808972,972
82.4098226,956
82.43155548,957
82.45328836,940
82.47502124,934
82.49675412,968
82.518487,993
82.54021988,981
82.56195276,965
82.58368564,970
82.60541852,1010
82.6271514,960
82.64888428,960
82.67061716,953
82.69235004,993
82.71408292,1069
82.7358158,954
82.75754868,1031
82.77928156,1033
82.80101444,1036
82.82274732,1011
82.8444802,1123
82.86621308,1079
82.88794596,1222
82.90967884,1124
82.93141172,1261
82.9531446,1246
82.97487748,1341
82.99661036,1427
83.01834324,1559
83.04007612,1573
83.061809,1504
83.08354188,1617
83.10527476,1571
83.12700764,1630
83.14874052,1538
83.1704734,1483
83.19220628,1356
83.21393916,1427
83.23567204,1317
83.25740492,1341
83.2791378,1338
83.30087068,1316
83.32260356,1333
83.34433644,1374
83.36606932,1282
83.3878022,1287
83.40953508,1246
83.43126796,1173
83.45300084,1173
83.47473372,1112
83.4964666,1030
83.51819948,1052
83.53993236,1037
83.56166524,1075
83.58339812,973
83.605131,994
83.62686388,953
83.64859676,976
83.67032964,993
83.69206252,992
83.7137954,969
83.73552828,963
83.75726116,948
83.77899404,907
83.80072692,949
83.8224598,904
83.84419268,941
83.86592556,962
83.88765844,1000
83.90939132,943
83.9311242,931
83.95285708,894
83.97458996,984
83.99632284,942
84.01805572,918
84.0397886,944
84.06152148,929
84.08325436,949
84.10498724,927
84.12672012,982
84.148453,936
84.17018588,891
84.19191876,913
84.21365164,976
84.23538452,920
84.2571174,933
84.27885028,950
84.30058316,901
84.32231604,869
84.34404892,885
84.3657818,920
84.38751468,908
84.40924756,907
84.43098044,905
84.45271332,883
84.4744462,892
84.49617908,943
84.51791196,973
84.53964484,958
84.56137772,914
84.5831106,907
84.60484348,874
84.62657636,967
84.64830924,936
84.67004212,961
84.691775,927
84.71350788,905
84.73524076,913
84.75697364,952
84.77870652,932
84.8004394,887
84.82217228,944
84.84390516,933
84.86563804,958
84.88737092,932
84.9091038,969
84.93083668,919
84.95256956,922
84.97430244,956
84.99603532,934
85.0177682,940
85.03950108,946
85.06123396,921
85.08296684,908
85.10469972,964
85.1264326,925
85.14816548,929
85.16989836,907
85.19163124,967
85.21336412,921
85.235097,914
85.25682988,870
85.27856276,881
85.30029564,911
85.32202852,945
85.3437614,919
85.36549428,916
85.38722716,960
85.40896004,908
85.43069292,954
85.4524258,898
85.47415868,937
85.49589156,922
85.51762444,943
85.53935732,935
85.5610902,965
85.58282308,924
85.60455596,923
85.62628884,928
85.64802172,971
85.6697546,941
85.69148748,991
85.71322036,909
85.73495324,960
85.75668612,934
85.778419,883
85.80015188,936
85.82188476,955
85.84361764,973
85.86535052,946
85.8870834,860
85.90881628,943
85.93054916,971
85.95228204,973
85.97401492,977
85.9957478,942
86.01748068,896
86.03921356,949
86.06094644,969
86.08267932,962
86.1044122,1010
86.12614508,959
86.14787796,986
86.16961084,955
86.19134372,1028
86.2130766,1040
86.23480948,1050
86.25654236,1025
86.27827524,1058
86.30000812,1001
86.321741,1009
86.34347388,991
86.36520676,1009
86.38693964,1038
86.40867252,1025
86.4304054,1016
86.45213828,951
86.47387116,985
86.49560404,977
86.51733692,1017
86.5390698,971
86.56080268,1005
86.58253556,976
86.60426844,966
86.62600132,1008
86.6477342,969
86.66946708,1000
86.69119996,993
86.71293284,916
86.73466572,893
86.7563986,981
86.77813148,919
86.79986436,956
86.82159724,961
86.84333012,1003
86.865063,910
86.88679588,986
86.90852876,968
86.93026164,912
86.95199452,963
86.9737274,957
86.99546028,889
87.01719316,927
87.03892604,890
87.06065892,915
87.0823918,909
87.10412468,895
87.12585756,893
87.14759044,903
87.16932332,873
87.1910562,941
87.21278908,946
87.23452196,882
87.25625484,996
87.27798772,932
87.2997206,874
87.32145348,930
87.34318636,890
87.36491924,923
87.38665212,936
87.408385,897
87.43011788,958
87.45185076,963
87.47358364,890
87.49531652,921
87.5170494,887
87.53878228,882
87.56051516,985
87.58224804,910
87.60398092,955
87.6257138,963
87.64744668,935
87.66917956,882
87.69091244,994
87.71264532,902
87.7343782,970
87.75611108,913
87.77784396,876
87.79957684,933
87.82130972,903
87.8430426,949
87.86477548,895
87.88650836,915
87.90824124,916
87.92997412,901
87.951707,949
87.97343988,957
87.99517276,945
88.01690564,971
88.03863852,945
88.0603714,892
88.08210428,936
88.10383716,955
88.12557004,913
88.14730292,886
88.1690358,936
88.19076868,895
88.21250156,920
88.23423444,951
88.25596732,909
88.2777002,821
88.29943308,902
88.32116596,967
88.34289884,903
88.36463172,967
88.3863646,944
88.40809748,916
88.42983036,935
88.45156324,939
88.47329612,895
88.495029,915
88.51676188,926
88.53849476,894
88.56022764,928
88.58196052,957
88.6036934,934
88.62542628,891
88.64715916,917
88.66889204,934
88.69062492,923
88.7123578,946
88.73409068,924
88.75582356,910
88.77755644,949
88.79928932,901
88.8210222,926
88.84275508,931
88.86448796,925
88.88622084,850
88.90795372,951
88.9296866,930
88.95141948,931
88.97315236,919
88.99488524,929
89.01661812,918
89.038351,913
89.06008388,966
89.08181676,897
89.10354964,979
89.12528252,948
89.1470154,912
89.16874828,918
89.19048116,902
89.21221404,886
89.23394692,962
89.2556798,983
89.27741268,936
89.29914556,977
89.32087844,909
89.34261132,930
89.3643442,966
89.38607708,901
89.40780996,887
89.42954284,926
89.45127572,903
89.4730086,899
89.49474148,898
89.51647436,940
89.53820724,924
89.55994012,942
89.581673,964
89.60340588,912
89.62513876,906
89.64687164,930
89.66860452,902
89.6903374,878
89.71207028,914
89.73380316,889
89.75553604,903
89.77726892,993
89.7990018,897
89.82073468,967
89.84246756,933
89.86420044,906
89.88593332,884
89.9076662,931
89.92939908,928
89.95113196,918
89.97286484,898
89.99459772,944
90.0163306,957
90.03806348,931
90.05979636,889
90.08152924,887
90.10326212,959
90.124995,945
90.14672788,886
90.16846076,969
90.19019364,924
90.21192652,964
90.2336594,903
90.25539228,975
90.27712516,912
90.29885804,893
90.32059092,868
90.3423238,908
90.36405668,982
90.38578956,932
90.40752244,938
90.42925532,1002
90.4509882,921
90.47272108,917
90.49445396,949
90.51618684,960
90.53791972,880
90.5596526,983
90.58138548,971
90.60311836,939
90.62485124,880
90.64658412,922
90.668317,977
90.69004988,958
90.71178276,926
90.73351564,921
90.75524852,971
90.7769814,931
90.79871428,926
90.82044716,948
90.84218004,890
90.86391292,966
90.8856458,958
90.90737868,971
90.92911156,956
90.95084444,927
90.97257732,974
90.9943102,1005
91.01604308,973
91.03777596,964
91.05950884,894
91.08124172,962
91.1029746,991
91.12470748,981
91.14644036,950
91.16817324,1006
91.18990612,971
91.211639,958
91.23337188,972
91.25510476,978
91.27683764,1026
91.29857052,1012
91.3203034,1050
91.34203628,994
91.36376916,1051
91.38550204,1142
91.40723492,1106
91.4289678,1125
91.45070068,1147
91.47243356,1110
91.49416644,1185
91.51589932,1176
91.5376322,1252
91.55936508,1185
91.58109796,1150
91.60283084,1151
91.62456372,1154
91.6462966,1136
91.66802948,1135
91.68976236,1140
91.71149524,1180
91.73322812,1143
91.754961,1113
91.77669388,1092
91.79842676,1162
91.82015964,1133
91.84189252,1084
91.8636254,1089
91.88535828,1066
91.90709116,1070
91.92882404,1047
91.95055692,1008
91.9722898,1057
91.99402268,1021
92.01575556,1013
92.03748844,994
92.05922132,1022
92.0809542,1030
92.10268708,954
92.12441996,1009
92.14615284,980
92.16788572,989
92.1896186,993
92.21135148,946
92.23308436,956
92.25481724,990
92.27655012,990
92.298283,957
92.32001588,937
92.34174876,960
92.36348164,945
92.38521452,982
92.4069474,1005
92.42868028,949
92.45041316,899
92.47214604,970
92.49387892,940
92.5156118,959
92.53734468,924
92.55907756,903
92.58081044,1008
92.60254332,917
92.6242762,941
92.64600908,984
92.66774196,994
92.68947484,975
92.71120772,912
92.7329406,935
92.75467348,960
92.77640636,938
92.79813924,940
92.81987212,988
92.841605,954
92.86333788,922
92.88507076,957
92.90680364,961
92.92853652,949
92.9502694,976
92.97200228,930
92.99373516,933
93.01546804,930
93.03720092,1004
93.0589338,982
93.08066668,975
93.10239956,964
93.12413244,990
93.14586532,929
93.1675982,939
93.18933108,994
93.21106396,904
93.23279684,1004
93.25452972,946
93.2762626,954
93.29799548,950
93.31972836,946
93.34146124,974
93.36319412,1002
93.384927,964
93.40665988,931
93.42839276,949
93.45012564,946
93.47185852,942
93.4935914,927
93.51532428,950
93.53705716,928
93.55879004,949
93.58052292,1008
93.6022558,918
93.62398868,920
93.64572156,971
93.66745444,1028
93.68918732,1006
93.7109202,956
93.73265308,989
93.75438596,985
93.77611884,987
93.79785172,1011
93.8195846,986
93.84131748,986
93.86305036,946
93.88478324,1011
93.90651612,1021
93.928249,1005
93.94998188,1030
93.97171476,1064
93.99344764,1073
94.01518052,1072
94.0369134,1125
94.05864628,1112
94.08037916,1019
94.10211204,1075
94.12384492,1088
94.1455778,1072
94.16731068,1090
94.18904356,1099
94.21077644,1158
94.23250932,1100
94.2542422,1139
94.27597508,1204
94.29770796,1131
94.31944084,1193
94.34117372,1270
94.3629066,1220
94.38463948,1321
94.40637236,1326
94.42810524,1360
94.44983812,1419
94.471571,1579
94.49330388,1535
94.51503676,1604
94.53676964,1630
94.55850252,1863
94.5802354,1875
94.60196828,1988
94.62370116,1990
94.64543404,2104
94.66716692,2143
94.6888998,2074
94.71063268,2173
94.73236556,2105
94.75409844,2053
94.77583132,2067
94.7975642,2153
94.81929708,2035
94.84102996,1988
94.86276284,1997
94.88449572,1922
94.9062286,1996
94.92796148,1938
94.94969436,1897
94.97142724,1899
94.99316012,1959
95.014893,1847
95.03662588,1826
95.05835876,1833
95.08009164,1739
95.10182452,1735
95.1235574,1612
95.14529028,1564
95.16702316,1479
95.18875604,1510
95.21048892,1372
95.2322218,1427
95.25395468,1390
95.27568756,1362
95.29742044,1341
95.31915332,1265
95.3408862,1246
95.36261908,1204
95.38435196,1210
95.40608484,1218
95.42781772,1249
95.4495506,1172
95.47128348,1112
95.49301636,1126
95.51474924,1155
95.53648212,1109
95.558215,1057
95.57994788,1136
95.60168076,1066
95.62341364,1052
95.64514652,1034
95.6668794,1073
95.68861228,1032
95.71034516,1054
95.73207804,986
95.75381092,1003
95.7755438,1020
95.79727668,1000
95.81900956,1003
95.84074244,1026
95.86247532,957
95.8842082,979
95.90594108,985
95.92767396,948
95.94940684,987
95.97113972,1016
95.9928726,953
96.01460548,955
96.03633836,966
96.05807124,949
96.07980412,976
96.101537,923
96.12326988,949
96.14500276,971
96.16673564,981
96.18846852,913
96.2102014,989
96.23193428,981
96.25366716,940
96.27540004,983
96.29713292,960
96.3188658,942
96.34059868,951
96.36233156,929
96.38406444,949
96.40579732,943
96.4275302,957
96.44926308,930
96.47099596,920
96.49272884,935
96.51446172,939
96.5361946,919
96.55792748,999
96.57966036,923
96.60139324,936
96.62312612,981
96.644859,1007
96.66659188,978
96.68832476,980
96.71005764,922
96.73179052,915
96.7535234,950
96.77525628,941
96.79698916,946
96.81872204,856
96.84045492,925
96.8621878,974
96.88392068,956
96.90565356,909
96.92738644,960
96.94911932,933
96.9708522,961
96.99258508,951
97.01431796,950
97.03605084,962
97.05778372,957
97.0795166,946
97.10124948,966
97.12298236,974
97.14471524,969
97.16644812,955
97.188181,934
97.20991388,913
97.23164676,890
97.25337964,916
97.27511252,903
97.2968454,945
97.31857828,898
97.34031116,907
97.36204404,972
97.38377692,988
97.4055098,944
97.42724268,898
97.44897556,908
97.47070844,895
97.49244132,912
97.5141742,941
97.53590708,924
97.55763996,918
97.57937284,963
97.60110572,932
97.6228386,964
97.64457148,945
97.66630436,931
97.68803724,945
97.70977012,976
97.731503,930
97.75323588,950
97.77496876,928
97.79670164,926
97.81843452,980
97.8401674,893
97.86190028,897
97.88363316,919
97.90536604,954
97.92709892,947
97.9488318,889
97.97056468,936
97.99229756,965
98.01403044,914
98.03576332,925
98.0574962,899
98.07922908,890
98.10096196,937
98.12269484,978
98.14442772,942
98.1661606,929
98.18789348,959
98.20962636,932
98.23135924,877
98.25309212,979
98.274825,968
98.29655788,943
98.31829076,915
98.34002364,925
98.36175652,908
98.3834894,942
98.40522228,976
98.42695516,873
98.44868804,907
98.47042092,963
98.4921538,912
98.51388668,968
98.53561956,935
98.55735244,861
98.57908532,931
98.6008182,912
98.62255108,921
98.64428396,918
98.66601684,957
98.68774972,946
98.7094826,923
98.73121548,922
98.75294836,938
98.77468124,945
98.79641412,969
98.818147,905
98.83987988,893
98.86161276,923
98.88334564,940
98.90507852,947
98.9268114,927
98.94854428,947
98.97027716,948
98.99201004,1040
99.01374292,961
99.0354758,914
99.05720868,900
99.07894156,895
99.10067444,925
99.12240732,927
99.1441402,987
99.16587308,904
99.18760596,915
99.20933884,956
99.23107172,948
99.2528046,972
99.27453748,960
99.29627036,911
99.31800324,931
99.33973612,952
99.361469,1006
99.38320188,965
99.40493476,1032
99.42666764,895
99.44840052,1019
99.4701334,968
99.49186628,1018
99.51359916,1066
99.53533204,1005
99.55706492,989
99.5787978,1041
99.60053068,1060
99.62226356,1042
99.64399644,1121
99.66572932,1067
99.6874622,1108
99.70919508,1128
99.73092796,1151
99.75266084,1190
99.77439372,1308
99.7961266,1335
99.81785948,1351
99.83959236,1399
99.86132524,1469
99.88305812,1514
99.904791,1520
99.92652388,1624
99.94825676,1607
99.96998964,1647
99.99172252,1621
100.0134554,1606
100.0351883,1546
100.0569212,1451
100.078654,1500
100.1003869,1463
100.1221198,1454
100.1438527,1392
100.1655856,1363
100.1873184,1385
100.2090513,1419
100.2307842,1336
100.2525171,1368
100.27425,1285
100.2959828,1347
100.3177157,1351
100.3394486,1334
100.3611815,1221
100.3829144,1217
100.4046472,1244
100.4263801,1214
100.448113,1167
100.4698459,1169
100.4915788,1093
100.5133116,1092
100.5350445,1087
100.5567774,1090
100.5785103,948
100.6002432,1045
100.621976,1013
100.6437089,980
100.6654418,988
100.6871747,970
100.7089076,1042
100.7306404,971
100.7523733,1019
100.7741062,969
100.7958391,938
100.817572,978
100.8393048,970
100.8610377,977
100.8827706,974
100.9045035,964
100.9262364,858
100.9479692,975
100.9697021,964
100.991435,936
101.0131679,932
101.0349008,938
101.0566336,961
101.0783665,932
101.1000994,976
101.1218323,964
101.1435652,940
101.165298,952
101.1870309,947
101.2087638,965
101.2304967,903
101.2522296,922
101.2739624,925
101.2956953,964
101.3174282,967
101.3391611,914
101.360894,870
101.3826268,911
101.4043597,929
101.4260926,908
101.4478255,873
101.4695584,958
101.4912912,964
101.5130241,901
101.534757,925
101.5564899,897
101.5782228,950
101.5999556,932
101.6216885,905
101.6434214,926
101.6651543,944
101.6868872,884
101.70862,961
101.7303529,894
101.7520858,952
101.7738187,896
101.7955516,873
101.8172844,958
101.8390173,911
101.8607502,896
101.8824831,942
101.904216,916
101.9259488,988
101.9476817,898
101.9694146,962
101.9911475,965
102.0128804,964
102.0346132,900
102.0563461,896
102.078079,899
102.0998119,899
102.1215448,924
102.1432776,929
102.1650105,977
102.1867434,981
102.2084763,887
102.2302092,973
102.251942,903
102.2736749,878
102.2954078,940
102.3171407,905
102.3388736,931
102.3606064,939
102.3823393,948
102.4040722,884
102.4258051,880
102.447538,919
102.4692708,882
102.4910037,861
102.5127366,891
102.5344695,923
102.5562024,858
102.5779352,929
102.5996681,945
102.621401,874
102.6431339,873
102.6648668,887
102.6865996,871
102.7083325,958
102.7300654,930
102.7517983,901
102.7735312,892
102.795264,897
102.8169969,964
102.8387298,998
102.8604627,902
102.8821956,928
102.9039284,901
102.9256613,903
102.9473942,923
102.9691271,941
102.99086,888
103.0125928,936
103.0343257,939
103.0560586,929
103.0777915,930
103.0995244,932
103.1212572,927
103.1429901,893
103.164723,921
103.1864559,894
103.2081888,928
103.2299216,891
103.2516545,914
103.2733874,930
103.2951203,935
103.3168532,945
103.338586,938
103.3603189,914
103.3820518,914
103.4037847,893
103.4255176,961
103.4472504,977
103.4689833,923
103.4907162,874
103.5124491,918
103.534182,861
103.5559148,911
103.5776477,877
103.5993806,896
103.6211135,932
103.6428464,990
103.6645792,887
103.6863121,927
103.708045,932
103.7297779,948
103.7515108,901
103.7732436,876
103.7949765,905
103.8167094,887
103.8384423,893
103.8601752,902
103.881908,875
103.9036409,903
103.9253738,861
103.9471067,838
103.9688396,869
103.9905724,919
104.0123053,916
104.0340382,921
104.0557711,927
104.077504,928
104.0992368,963
104.1209697,945
104.1427026,908
104.1644355,914
104.1861684,865
104.2079012,874
104.2296341,928
104.251367,903
104.2730999,907
104.2948328,933
104.3165656,940
104.3382985,949
104.3600314,882
104.3817643,950
104.4034972,926
104.42523,839
104.4469629,927
104.4686958,856
104.4904287,919
104.5121616,903
104.5338944,901
104.5556273,906
104.5773602,926
104.5990931,969
104.620826,895
104.6425588,888
104.6642917,915
104.6860246,914
104.7077575,921
104.7294904,851
104.7512232,924
104.7729561,926
104.794689,948
104.8164219,961
104.8381548,924
104.8598876,973
104.8816205,925
104.9033534,941
104.9250863,889
104.9468192,885
104.968552,908
104.9902849,956
105.0120178,893
105.0337507,944
105.0554836,905
105.0772164,853
105.0989493,908
105.1206822,878
105.1424151,897
105.164148,924
105.1858808,921
105.2076137,869
105.2293466,899
105.2510795,895
105.2728124,938
105.2945452,915
105.3162781,936
105.338011,918
105.3597439,925
105.3814768,928
105.4032096,937
105.4249425,917
105.4466754,839
105.4684083,995
105.4901412,872
105.511874,944
105.5336069,889
105.5553398,873
105.5770727,932
105.5988056,938
105.6205384,927
105.6422713,885
105.6640042,971
105.6857371,934
105.70747,937
105.7292028,930
105.7509357,942
105.7726686,875
105.7944015,850
105.8161344,875
105.8378672,863
105.8596001,936
105.881333,918
105.9030659,917
105.9247988,881
105.9465316,969
105.9682645,987
105.9899974,928
106.0117303,984
106.0334632,940
106.055196,903
106.0769289,910
106.0986618,933
106.1203947,979
106.1421276,930
106.1638604,930
106.1855933,940
106.2073262,973
106.2290591,924
106.250792,939
106.2725248,921
106.2942577,892
106.3159906,936
106.3377235,939
106.3594564,1000
106.3811892,924
106.4029221,947
106.424655,961
106.4463879,958
106.4681208,1024
106.4898536,1021
106.5115865,990
106.5333194,1013
106.5550523,1017
106.5767852,1013
106.598518,1067
106.6202509,1068
106.6419838,1044
106.6637167,1114
106.6854496,1122
106.7071824,1082
106.7289153,1142
106.7506482,1089
106.7723811,1133
106.794114,1085
106.8158468,1021
106.8375797,1114
106.8593126,1139
106.8810455,1041
106.9027784,1132
106.9245112,1133
106.9462441,1107
106.967977,1112
106.9897099,1126
107.0114428,1148
107.0331756,1086
107.0549085,1156
107.0766414,1075
107.0983743,1101
107.1201072,1074
107.14184,1138
107.1635729,1054
107.1853058,1052
107.2070387,1150
107.2287716,1073
107.2505044,1112
107.2722373,1048
107.2939702,1076
107.3157031,1038
107.337436,1111
107.3591688,1066
107.3809017,1027
107.4026346,1045
107.4243675,989
107.4461004,974
107.4678332,971
107.4895661,997
107.511299,1049
107.5330319,1021
107.5547648,1011
107.5764976,933
107.5982305,982
107.6199634,1002
107.6416963,916
107.6634292,984
107.685162,954
107.7068949,973
107.7286278,959
107.7503607,969
107.7720936,988
107.7938264,905
107.8155593,951
107.8372922,936
107.8590251,961
107.880758,956
107.9024908,976
107.9242237,913
107.9459566,971
107.9676895,912
107.9894224,928
108.0111552,938
108.0328881,950
108.054621,975
108.0763539,1006
108.0980868,941
108.1198196,943
108.1415525,942
108.1632854,976
108.1850183,919
108.2067512,931
108.228484,907
108.2502169,946
108.2719498,934
108.2936827,985
108.3154156,932
108.3371484,1042
108.3588813,955
108.3806142,940
108.4023471,930
108.42408,952
108.4458128,1011
108.4675457,1008
108.4892786,993
108.5110115,1003
108.5327444,1041
108.5544772,1015
108.5762101,1011
108.597943,1046
108.6196759,998
108.6414088,1058
108.6631416,1040
108.6848745,989
108.7066074,1057
108.7283403,995
108.7500732,1091
108.771806,971
108.7935389,948
108.8152718,1012
108.8370047,990
108.8587376,1034
108.8804704,969
108.9022033,1053
108.9239362,978
108.9456691,970
108.967402,1004
108.9891348,974
109.0108677,942
109.0326006,956
109.0543335,991
109.0760664,1017
109.0977992,1026
109.1195321,1058
109.141265,947
109.1629979,994
109.1847308,977
109.2064636,972
109.2281965,989
109.2499294,977
109.2716623,993
109.2933952,980
109.315128,926
109.3368609,1004
109.3585938,1001
109.3803267,937
109.4020596,975
109.4237924,941
109.4455253,942
109.4672582,1002
109.4889911,973
109.510724,979
109.5324568,940
109.5541897,945
109.5759226,931
109.5976555,891
109.6193884,981
109.6411212,930
109.6628541,948
109.684587,897
109.7063199,983
109.7280528,945
109.7497856,923
109.7715185,959
109.7932514,924
109.8149843,938
109.8367172,989
109.85845,937
109.8801829,998
109.9019158,912
109.9236487,931
109.9453816,946
109.9671144,977
109.9888473,955